{"features":[{"geometry":{"coordinates":[23.079273,36.786673],"type":"Point"},"id":"004b5b9d-187a-492e-b0ce-61e75ddc36d2","properties":{"basis_of_record":"HumanObservation","coordinate_uncertainty_m":100,"country":"Greece","event_date":"2022-07-27","evidence_url":"https://seagrassspotter.org/sighting/5128","limitations":"Photo-associated occurrence; not meadow extent, absence evidence, condition, permanence, or representative sampling.","observation_id":"004b5b9d-187a-492e-b0ce-61e75ddc36d2","scientific_name":"Zostera marina","scientific_status":"direct_observation"},"type":"Feature"},{"geometry":{"coordinates":[18.044349,-33.123123],"type":"Point"},"id":"007448bf-46ff-47f1-9f7e-4a1d889a7419","properties":{"basis_of_record":"HumanObservation","coordinate_uncertainty_m":100,"country":"South Africa","event_date":"2021-04-01","evidence_url":"https://seagrassspotter.org/sighting/3792","limitations":"Photo-associated occurrence; not meadow extent, absence evidence, condition, permanence, or representative sampling.","observation_id":"007448bf-46ff-47f1-9f7e-4a1d889a7419","scientific_name":"Zostera capensis","scientific_status":"direct_observation"},"type":"Feature"},{"geometry":{"coordinates":[5.317039,53.254868],"type":"Point"},"id":"007af45d-260d-48e6-b2ef-02931f85ce6a","properties":{"basis_of_record":"HumanObservation","coordinate_uncertainty_m":4,"country":"Netherlands","event_date":"2025-08-30","evidence_url":"https://seagrassspotter.org/sighting/10196","limitations":"Photo-associated occurrence; not meadow extent, absence evidence, condition, permanence, or representative sampling.","observation_id":"007af45d-260d-48e6-b2ef-02931f85ce6a","scientific_name":"Zostera marina","scientific_status":"direct_observation"},"type":"Feature"},{"geometry":{"coordinates":[-1.198452,44.677668],"type":"Point"},"id":"00ae9cc4-99e6-4bfa-bb7f-3c98b94c1e43","properties":{"basis_of_record":"HumanObservation","coordinate_uncertainty_m":6,"country":"France","event_date":"2022-09-23","evidence_url":"https://seagrassspotter.org/sighting/5736","limitations":"Photo-associated occurrence; not meadow extent, absence evidence, condition, permanence, or representative sampling.","observation_id":"00ae9cc4-99e6-4bfa-bb7f-3c98b94c1e43","scientific_name":"Zostera marina","scientific_status":"direct_observation"},"type":"Feature"},{"geometry":{"coordinates":[-1.161389,50.737881],"type":"Point"},"id":"0120e05e-b6d1-4c4c-8b25-c3bd22cfccf3","properties":{"basis_of_record":"HumanObservation","coordinate_uncertainty_m":3,"country":"United Kingdom","event_date":"2022-07-13","evidence_url":"https://seagrassspotter.org/sighting/10684","limitations":"Photo-associated occurrence; not meadow extent, absence evidence, condition, permanence, or representative sampling.","observation_id":"0120e05e-b6d1-4c4c-8b25-c3bd22cfccf3","scientific_name":"Zostera marina","scientific_status":"direct_observation"},"type":"Feature"},{"geometry":{"coordinates":[-122.303052,47.949364],"type":"Point"},"id":"01448e0a-0eb2-4b91-ba14-7954d263975e","properties":{"basis_of_record":"HumanObservation","coordinate_uncertainty_m":5,"country":"United States","event_date":"2025-08-28","evidence_url":"https://seagrassspotter.org/sighting/10191","limitations":"Photo-associated occurrence; not meadow extent, absence evidence, condition, permanence, or representative sampling.","observation_id":"01448e0a-0eb2-4b91-ba14-7954d263975e","scientific_name":"Zostera marina","scientific_status":"direct_observation"},"type":"Feature"},{"geometry":{"coordinates":[26.831838,37.637497],"type":"Point"},"id":"0190dfab-33f1-4c12-8a1c-d2f32369ad4e","properties":{"basis_of_record":"HumanObservation","coordinate_uncertainty_m":30,"country":"Greece","event_date":"2024-10-15","evidence_url":"https://seagrassspotter.org/sighting/8673","limitations":"Photo-associated occurrence; not meadow extent, absence evidence, condition, permanence, or representative sampling.","observation_id":"0190dfab-33f1-4c12-8a1c-d2f32369ad4e","scientific_name":"Posidonia oceanica","scientific_status":"direct_observation"},"type":"Feature"},{"geometry":{"coordinates":[-82.03271,26.507625],"type":"Point"},"id":"024e7c2f-b830-4995-8a31-c9a502ca2fc5","properties":{"basis_of_record":"HumanObservation","coordinate_uncertainty_m":5,"country":"United States","event_date":"2024-04-22","evidence_url":"https://seagrassspotter.org/sighting/8268","limitations":"Photo-associated occurrence; not meadow extent, absence evidence, condition, permanence, or representative sampling.","observation_id":"024e7c2f-b830-4995-8a31-c9a502ca2fc5","scientific_name":"Halodule wrightii","scientific_status":"direct_observation"},"type":"Feature"},{"geometry":{"coordinates":[99.3096,7.37525],"type":"Point"},"id":"03dc8f5e-7f67-4105-ab98-8fb58c04e2fc","properties":{"basis_of_record":"HumanObservation","coordinate_uncertainty_m":1,"country":"Thailand","event_date":"2023-03-24","evidence_url":"https://seagrassspotter.org/sighting/6852","limitations":"Photo-associated occurrence; not meadow extent, absence evidence, condition, permanence, or representative sampling.","observation_id":"03dc8f5e-7f67-4105-ab98-8fb58c04e2fc","scientific_name":"Enhalus acoroides","scientific_status":"direct_observation"},"type":"Feature"},{"geometry":{"coordinates":[-67.060269,17.943311],"type":"Point"},"id":"03e24b56-0468-413b-a473-5fa9cc692c51","properties":{"basis_of_record":"HumanObservation","coordinate_uncertainty_m":10,"country":"Puerto Rico","event_date":"2023-07-12","evidence_url":"https://seagrassspotter.org/sighting/10690","limitations":"Photo-associated occurrence; not meadow extent, absence evidence, condition, permanence, or representative sampling.","observation_id":"03e24b56-0468-413b-a473-5fa9cc692c51","scientific_name":"Thalassia testudinum","scientific_status":"direct_observation"},"type":"Feature"},{"geometry":{"coordinates":[119.369205,10.34026],"type":"Point"},"id":"046adebb-3b81-49c0-8937-be92d695e4f4","properties":{"basis_of_record":"HumanObservation","coordinate_uncertainty_m":100,"country":"Philippines","event_date":"2022-10-11","evidence_url":"https://seagrassspotter.org/sighting/5830","limitations":"Photo-associated occurrence; not meadow extent, absence evidence, condition, permanence, or representative sampling.","observation_id":"046adebb-3b81-49c0-8937-be92d695e4f4","scientific_name":"Enhalus acoroides","scientific_status":"direct_observation"},"type":"Feature"},{"geometry":{"coordinates":[-76.123067,25.102702],"type":"Point"},"id":"05654eb2-3c85-4f25-87f4-bd3f21cd7034","properties":{"basis_of_record":"HumanObservation","coordinate_uncertainty_m":20,"country":"The Bahamas","event_date":"2024-04-19","evidence_url":"https://seagrassspotter.org/sighting/8048","limitations":"Photo-associated occurrence; not meadow extent, absence evidence, condition, permanence, or representative sampling.","observation_id":"05654eb2-3c85-4f25-87f4-bd3f21cd7034","scientific_name":"Thalassia testudinum","scientific_status":"direct_observation"},"type":"Feature"},{"geometry":{"coordinates":[119.996803,15.288164],"type":"Point"},"id":"065e713a-00d1-4318-b70a-7c913071b331","properties":{"basis_of_record":"HumanObservation","coordinate_uncertainty_m":1000,"country":"Philippines","event_date":"2022-04-15","evidence_url":"https://seagrassspotter.org/sighting/5752","limitations":"Photo-associated occurrence; not meadow extent, absence evidence, condition, permanence, or representative sampling.","observation_id":"065e713a-00d1-4318-b70a-7c913071b331","scientific_name":"Halophila spinulosa","scientific_status":"direct_observation"},"type":"Feature"},{"geometry":{"coordinates":[58.162943,20.564985],"type":"Point"},"id":"0685b682-7f05-41fb-91cf-23b6f36257bd","properties":{"basis_of_record":"HumanObservation","coordinate_uncertainty_m":1000,"country":"Oman","event_date":"2021-11-18","evidence_url":"https://seagrassspotter.org/sighting/4154","limitations":"Photo-associated occurrence; not meadow extent, absence evidence, condition, permanence, or representative sampling.","observation_id":"0685b682-7f05-41fb-91cf-23b6f36257bd","scientific_name":"Halodule uninervis","scientific_status":"direct_observation"},"type":"Feature"},{"geometry":{"coordinates":[-2.588224,56.013638],"type":"Point"},"id":"086d5314-d515-40fb-9041-ae9566bb20e6","properties":{"basis_of_record":"HumanObservation","coordinate_uncertainty_m":8,"country":"United Kingdom","event_date":"2024-03-31","evidence_url":"https://seagrassspotter.org/sighting/8010","limitations":"Photo-associated occurrence; not meadow extent, absence evidence, condition, permanence, or representative sampling.","observation_id":"086d5314-d515-40fb-9041-ae9566bb20e6","scientific_name":"Zostera noltii","scientific_status":"direct_observation"},"type":"Feature"},{"geometry":{"coordinates":[54.437332,24.56221],"type":"Point"},"id":"08c2f0c5-8f97-45fe-95c9-f62e937b4262","properties":{"basis_of_record":"HumanObservation","coordinate_uncertainty_m":1,"country":"United Arab Emirates","event_date":"2025-04-15","evidence_url":"https://seagrassspotter.org/sighting/10171","limitations":"Photo-associated occurrence; not meadow extent, absence evidence, condition, permanence, or representative sampling.","observation_id":"08c2f0c5-8f97-45fe-95c9-f62e937b4262","scientific_name":"Halodule uninervis","scientific_status":"direct_observation"},"type":"Feature"},{"geometry":{"coordinates":[73.393472,1.795167],"type":"Point"},"id":"08d7dce8-b9bd-4033-aa82-ea59cc04511f","properties":{"basis_of_record":"HumanObservation","coordinate_uncertainty_m":1,"country":"Maldives","event_date":"2023-12-01","evidence_url":"https://seagrassspotter.org/sighting/7765","limitations":"Photo-associated occurrence; not meadow extent, absence evidence, condition, permanence, or representative sampling.","observation_id":"08d7dce8-b9bd-4033-aa82-ea59cc04511f","scientific_name":"Thalassia hemprichii","scientific_status":"direct_observation"},"type":"Feature"},{"geometry":{"coordinates":[-2.592336,55.998659],"type":"Point"},"id":"09673b3f-dd71-4639-bd3c-f493eac1f4d8","properties":{"basis_of_record":"HumanObservation","coordinate_uncertainty_m":21,"country":"United Kingdom","event_date":"2024-11-07","evidence_url":"https://seagrassspotter.org/sighting/8727","limitations":"Photo-associated occurrence; not meadow extent, absence evidence, condition, permanence, or representative sampling.","observation_id":"09673b3f-dd71-4639-bd3c-f493eac1f4d8","scientific_name":"Zostera noltii","scientific_status":"direct_observation"},"type":"Feature"},{"geometry":{"coordinates":[119.3755,10.34254],"type":"Point"},"id":"0a10165f-adfe-4b81-8d7e-2ab740043712","properties":{"basis_of_record":"HumanObservation","coordinate_uncertainty_m":1,"country":"Philippines","event_date":"2022-10-14","evidence_url":"https://seagrassspotter.org/sighting/5800","limitations":"Photo-associated occurrence; not meadow extent, absence evidence, condition, permanence, or representative sampling.","observation_id":"0a10165f-adfe-4b81-8d7e-2ab740043712","scientific_name":"Enhalus acoroides","scientific_status":"direct_observation"},"type":"Feature"},{"geometry":{"coordinates":[130.667862,-0.563902],"type":"Point"},"id":"0a3632ac-c463-472c-9d35-52a8c3f72155","properties":{"basis_of_record":"HumanObservation","coordinate_uncertainty_m":10,"country":"Indonesia","event_date":"2023-04-11","evidence_url":"https://seagrassspotter.org/sighting/6989","limitations":"Photo-associated occurrence; not meadow extent, absence evidence, condition, permanence, or representative sampling.","observation_id":"0a3632ac-c463-472c-9d35-52a8c3f72155","scientific_name":"Thalassia hemprichii","scientific_status":"direct_observation"},"type":"Feature"},{"geometry":{"coordinates":[165.253573,-20.785111],"type":"Point"},"id":"0af808c9-38b5-471e-ae1f-e48c2860c506","properties":{"basis_of_record":"HumanObservation","coordinate_uncertainty_m":1000,"country":"New Caledonia","event_date":"2021-10-07","evidence_url":"https://seagrassspotter.org/sighting/4561","limitations":"Photo-associated occurrence; not meadow extent, absence evidence, condition, permanence, or representative sampling.","observation_id":"0af808c9-38b5-471e-ae1f-e48c2860c506","scientific_name":"Thalassia hemprichii","scientific_status":"direct_observation"},"type":"Feature"},{"geometry":{"coordinates":[98.815583,1.602753],"type":"Point"},"id":"0bd8b65d-e83a-4d5a-a8fa-e4093822040e","properties":{"basis_of_record":"HumanObservation","coordinate_uncertainty_m":500,"country":"Indonesia","event_date":"2021-07-27","evidence_url":"https://seagrassspotter.org/sighting/10931","limitations":"Photo-associated occurrence; not meadow extent, absence evidence, condition, permanence, or representative sampling.","observation_id":"0bd8b65d-e83a-4d5a-a8fa-e4093822040e","scientific_name":"Enhalus acoroides","scientific_status":"direct_observation"},"type":"Feature"},{"geometry":{"coordinates":[28.660936,44.021857],"type":"Point"},"id":"0c1d81ea-23ff-46eb-8214-1dbcaa318940","properties":{"basis_of_record":"HumanObservation","coordinate_uncertainty_m":50,"country":"Romania","event_date":"2024-04-17","evidence_url":"https://seagrassspotter.org/sighting/8885","limitations":"Photo-associated occurrence; not meadow extent, absence evidence, condition, permanence, or representative sampling.","observation_id":"0c1d81ea-23ff-46eb-8214-1dbcaa318940","scientific_name":"Zostera noltii","scientific_status":"direct_observation"},"type":"Feature"},{"geometry":{"coordinates":[134.329096,34.44665],"type":"Point"},"id":"0c692a3c-2db8-4be4-9693-e1372fc7e6c3","properties":{"basis_of_record":"HumanObservation","coordinate_uncertainty_m":1000,"country":"Japan","event_date":"2023-08-01","evidence_url":"https://seagrassspotter.org/sighting/7669","limitations":"Photo-associated occurrence; not meadow extent, absence evidence, condition, permanence, or representative sampling.","observation_id":"0c692a3c-2db8-4be4-9693-e1372fc7e6c3","scientific_name":"Halophila decipiens","scientific_status":"direct_observation"},"type":"Feature"},{"geometry":{"coordinates":[-1.34702,50.744968],"type":"Point"},"id":"0c91ec45-8f00-4ca0-afa3-d9d014519a85","properties":{"basis_of_record":"HumanObservation","coordinate_uncertainty_m":20,"country":"United Kingdom","event_date":"2024-08-12","evidence_url":"https://seagrassspotter.org/sighting/8469","limitations":"Photo-associated occurrence; not meadow extent, absence evidence, condition, permanence, or representative sampling.","observation_id":"0c91ec45-8f00-4ca0-afa3-d9d014519a85","scientific_name":"Zostera marina","scientific_status":"direct_observation"},"type":"Feature"},{"geometry":{"coordinates":[-1.107892,44.650882],"type":"Point"},"id":"0ca3fd4d-14f0-41a6-afc1-3fb67eb34993","properties":{"basis_of_record":"HumanObservation","coordinate_uncertainty_m":3,"country":"France","event_date":"2025-08-13","evidence_url":"https://seagrassspotter.org/sighting/10125","limitations":"Photo-associated occurrence; not meadow extent, absence evidence, condition, permanence, or representative sampling.","observation_id":"0ca3fd4d-14f0-41a6-afc1-3fb67eb34993","scientific_name":"Zostera noltii","scientific_status":"direct_observation"},"type":"Feature"},{"geometry":{"coordinates":[1.243903,52.000417],"type":"Point"},"id":"0caf6611-786d-4b07-a113-e34bbb13c2ec","properties":{"basis_of_record":"HumanObservation","coordinate_uncertainty_m":1,"country":"United Kingdom","event_date":"2024-10-11","evidence_url":"https://seagrassspotter.org/sighting/8662","limitations":"Photo-associated occurrence; not meadow extent, absence evidence, condition, permanence, or representative sampling.","observation_id":"0caf6611-786d-4b07-a113-e34bbb13c2ec","scientific_name":"Zostera noltii","scientific_status":"direct_observation"},"type":"Feature"},{"geometry":{"coordinates":[8.971282,38.957181],"type":"Point"},"id":"0cd75e5c-5c43-43df-8f51-6a97fcc53209","properties":{"basis_of_record":"HumanObservation","coordinate_uncertainty_m":100,"country":"Italy","event_date":"2022-07-13","evidence_url":"https://seagrassspotter.org/sighting/6941","limitations":"Photo-associated occurrence; not meadow extent, absence evidence, condition, permanence, or representative sampling.","observation_id":"0cd75e5c-5c43-43df-8f51-6a97fcc53209","scientific_name":"Cymodocea nodosa","scientific_status":"direct_observation"},"type":"Feature"},{"geometry":{"coordinates":[-4.565519,52.942306],"type":"Point"},"id":"0ded2070-ebf5-4705-aaf5-35f876cb9c74","properties":{"basis_of_record":"HumanObservation","coordinate_uncertainty_m":5,"country":"United Kingdom","event_date":"2022-05-18","evidence_url":"https://seagrassspotter.org/sighting/10337","limitations":"Photo-associated occurrence; not meadow extent, absence evidence, condition, permanence, or representative sampling.","observation_id":"0ded2070-ebf5-4705-aaf5-35f876cb9c74","scientific_name":"Zostera marina","scientific_status":"direct_observation"},"type":"Feature"},{"geometry":{"coordinates":[125.617445,-8.214571],"type":"Point"},"id":"0e7bb1ea-3039-46b2-9f6d-24336263cca8","properties":{"basis_of_record":"HumanObservation","coordinate_uncertainty_m":200,"country":"Timor-Leste","event_date":"2023-03-11","evidence_url":"https://seagrassspotter.org/sighting/6564","limitations":"Photo-associated occurrence; not meadow extent, absence evidence, condition, permanence, or representative sampling.","observation_id":"0e7bb1ea-3039-46b2-9f6d-24336263cca8","scientific_name":"Enhalus acoroides","scientific_status":"direct_observation"},"type":"Feature"},{"geometry":{"coordinates":[124.97635,1.734501],"type":"Point"},"id":"0e8b6327-257f-407d-9baa-fbfa6cc615f9","properties":{"basis_of_record":"HumanObservation","coordinate_uncertainty_m":200,"country":"Indonesia","event_date":"2022-07-29","evidence_url":"https://seagrassspotter.org/sighting/5303","limitations":"Photo-associated occurrence; not meadow extent, absence evidence, condition, permanence, or representative sampling.","observation_id":"0e8b6327-257f-407d-9baa-fbfa6cc615f9","scientific_name":"Enhalus acoroides","scientific_status":"direct_observation"},"type":"Feature"},{"geometry":{"coordinates":[123.798819,9.551626],"type":"Point"},"id":"0eb7dfc1-54cb-4f04-bf5d-1b54888d57c6","properties":{"basis_of_record":"HumanObservation","coordinate_uncertainty_m":1000,"country":"Philippines","event_date":"2023-01-15","evidence_url":"https://seagrassspotter.org/sighting/6298","limitations":"Photo-associated occurrence; not meadow extent, absence evidence, condition, permanence, or representative sampling.","observation_id":"0eb7dfc1-54cb-4f04-bf5d-1b54888d57c6","scientific_name":"Syringodium filiforme","scientific_status":"direct_observation"},"type":"Feature"},{"geometry":{"coordinates":[124.294844,12.578318],"type":"Point"},"id":"0eba2438-e1e5-4ff4-b842-e530ec3aa632","properties":{"basis_of_record":"HumanObservation","coordinate_uncertainty_m":15,"country":"Philippines","event_date":"2025-02-28","evidence_url":"https://seagrassspotter.org/sighting/9014","limitations":"Photo-associated occurrence; not meadow extent, absence evidence, condition, permanence, or representative sampling.","observation_id":"0eba2438-e1e5-4ff4-b842-e530ec3aa632","scientific_name":"Cymodocea rotundata","scientific_status":"direct_observation"},"type":"Feature"},{"geometry":{"coordinates":[106.60808,-5.865488],"type":"Point"},"id":"0f3b3901-1381-4e80-9576-2c932dc82330","properties":{"basis_of_record":"HumanObservation","coordinate_uncertainty_m":1,"country":"Indonesia","event_date":"2025-01-23","evidence_url":"https://seagrassspotter.org/sighting/9019","limitations":"Photo-associated occurrence; not meadow extent, absence evidence, condition, permanence, or representative sampling.","observation_id":"0f3b3901-1381-4e80-9576-2c932dc82330","scientific_name":"Thalassia hemprichii","scientific_status":"direct_observation"},"type":"Feature"},{"geometry":{"coordinates":[18.566891,54.481016],"type":"Point"},"id":"0f63c0a5-f2c3-45c3-8361-6ebd94357e18","properties":{"basis_of_record":"HumanObservation","coordinate_uncertainty_m":1000,"country":"Poland","event_date":"2021-04-14","evidence_url":"https://seagrassspotter.org/sighting/3877","limitations":"Photo-associated occurrence; not meadow extent, absence evidence, condition, permanence, or representative sampling.","observation_id":"0f63c0a5-f2c3-45c3-8361-6ebd94357e18","scientific_name":"Zostera marina","scientific_status":"direct_observation"},"type":"Feature"},{"geometry":{"coordinates":[-4.040525,57.817071],"type":"Point"},"id":"1028500e-bce4-4e1c-9025-8640b51c8820","properties":{"basis_of_record":"HumanObservation","coordinate_uncertainty_m":2,"country":"United Kingdom","event_date":"2025-04-02","evidence_url":"https://seagrassspotter.org/sighting/9111","limitations":"Photo-associated occurrence; not meadow extent, absence evidence, condition, permanence, or representative sampling.","observation_id":"1028500e-bce4-4e1c-9025-8640b51c8820","scientific_name":"Zostera marina","scientific_status":"direct_observation"},"type":"Feature"},{"geometry":{"coordinates":[99.408373,7.2289],"type":"Point"},"id":"110aa232-b41c-44eb-a4e1-5670d481833f","properties":{"basis_of_record":"HumanObservation","coordinate_uncertainty_m":1000,"country":"Thailand","event_date":"2023-04-07","evidence_url":"https://seagrassspotter.org/sighting/7008","limitations":"Photo-associated occurrence; not meadow extent, absence evidence, condition, permanence, or representative sampling.","observation_id":"110aa232-b41c-44eb-a4e1-5670d481833f","scientific_name":"Halodule uninervis","scientific_status":"direct_observation"},"type":"Feature"},{"geometry":{"coordinates":[-3.775369,43.446964],"type":"Point"},"id":"111415e7-881c-4f06-ae78-56ce47dd950f","properties":{"basis_of_record":"HumanObservation","coordinate_uncertainty_m":10,"country":"Spain","event_date":"2024-08-25","evidence_url":"https://seagrassspotter.org/sighting/10228","limitations":"Photo-associated occurrence; not meadow extent, absence evidence, condition, permanence, or representative sampling.","observation_id":"111415e7-881c-4f06-ae78-56ce47dd950f","scientific_name":"Zostera marina","scientific_status":"direct_observation"},"type":"Feature"},{"geometry":{"coordinates":[137.452649,-35.594353],"type":"Point"},"id":"1135392d-ed58-4c11-b4bf-64c815bd9884","properties":{"basis_of_record":"HumanObservation","coordinate_uncertainty_m":5,"country":"Australia","event_date":"2024-03-30","evidence_url":"https://seagrassspotter.org/sighting/8013","limitations":"Photo-associated occurrence; not meadow extent, absence evidence, condition, permanence, or representative sampling.","observation_id":"1135392d-ed58-4c11-b4bf-64c815bd9884","scientific_name":"Amphibolis griffithii","scientific_status":"direct_observation"},"type":"Feature"},{"geometry":{"coordinates":[-162.605017,55.286139],"type":"Point"},"id":"120e92dd-c138-4ab2-afd6-e58ee3b85a2c","properties":{"basis_of_record":"HumanObservation","coordinate_uncertainty_m":100,"country":"United States","event_date":"2025-08-06","evidence_url":"https://seagrassspotter.org/sighting/10090","limitations":"Photo-associated occurrence; not meadow extent, absence evidence, condition, permanence, or representative sampling.","observation_id":"120e92dd-c138-4ab2-afd6-e58ee3b85a2c","scientific_name":"Zostera marina","scientific_status":"direct_observation"},"type":"Feature"},{"geometry":{"coordinates":[104.100601,2.289222],"type":"Point"},"id":"124e052a-b7d7-4aed-8cec-93325870038a","properties":{"basis_of_record":"HumanObservation","coordinate_uncertainty_m":1,"country":"Malaysia","event_date":"2022-09-15","evidence_url":"https://seagrassspotter.org/sighting/5689","limitations":"Photo-associated occurrence; not meadow extent, absence evidence, condition, permanence, or representative sampling.","observation_id":"124e052a-b7d7-4aed-8cec-93325870038a","scientific_name":"Oceana serrulata","scientific_status":"direct_observation"},"type":"Feature"},{"geometry":{"coordinates":[0.835412,51.715311],"type":"Point"},"id":"13120c4c-64dd-4484-b514-2bb94db1c570","properties":{"basis_of_record":"HumanObservation","coordinate_uncertainty_m":1000,"country":"United Kingdom","event_date":"2023-06-15","evidence_url":"https://seagrassspotter.org/sighting/7056","limitations":"Photo-associated occurrence; not meadow extent, absence evidence, condition, permanence, or representative sampling.","observation_id":"13120c4c-64dd-4484-b514-2bb94db1c570","scientific_name":"Zostera noltii","scientific_status":"direct_observation"},"type":"Feature"},{"geometry":{"coordinates":[122.15333,18.544305],"type":"Point"},"id":"13ab94dd-4518-4ff7-9457-2af92e907d5b","properties":{"basis_of_record":"HumanObservation","coordinate_uncertainty_m":5,"country":"Philippines","event_date":"2025-04-15","evidence_url":"https://seagrassspotter.org/sighting/9221","limitations":"Photo-associated occurrence; not meadow extent, absence evidence, condition, permanence, or representative sampling.","observation_id":"13ab94dd-4518-4ff7-9457-2af92e907d5b","scientific_name":"Thalassia hemprichii","scientific_status":"direct_observation"},"type":"Feature"},{"geometry":{"coordinates":[14.494504,56.027577],"type":"Point"},"id":"13cb4142-0ae7-4bcc-a35c-75735f11f7f0","properties":{"basis_of_record":"HumanObservation","coordinate_uncertainty_m":25,"country":"Sweden","event_date":"2021-06-15","evidence_url":"https://seagrassspotter.org/sighting/4148","limitations":"Photo-associated occurrence; not meadow extent, absence evidence, condition, permanence, or representative sampling.","observation_id":"13cb4142-0ae7-4bcc-a35c-75735f11f7f0","scientific_name":"Zostera marina","scientific_status":"direct_observation"},"type":"Feature"},{"geometry":{"coordinates":[-3.227444,58.786359],"type":"Point"},"id":"141ad0cd-c819-43db-a7df-cb774da5ff36","properties":{"basis_of_record":"HumanObservation","coordinate_uncertainty_m":10,"country":"United Kingdom","event_date":"2023-07-29","evidence_url":"https://seagrassspotter.org/sighting/7357","limitations":"Photo-associated occurrence; not meadow extent, absence evidence, condition, permanence, or representative sampling.","observation_id":"141ad0cd-c819-43db-a7df-cb774da5ff36","scientific_name":"Zostera marina","scientific_status":"direct_observation"},"type":"Feature"},{"geometry":{"coordinates":[119.393061,10.343069],"type":"Point"},"id":"1445e787-a391-479f-8258-d0e5d52303dd","properties":{"basis_of_record":"HumanObservation","coordinate_uncertainty_m":100,"country":"Philippines","event_date":"2022-10-12","evidence_url":"https://seagrassspotter.org/sighting/5871","limitations":"Photo-associated occurrence; not meadow extent, absence evidence, condition, permanence, or representative sampling.","observation_id":"1445e787-a391-479f-8258-d0e5d52303dd","scientific_name":"Oceana serrulata","scientific_status":"direct_observation"},"type":"Feature"},{"geometry":{"coordinates":[144.744324,-38.337799],"type":"Point"},"id":"1520ac71-2d9c-4efa-a55c-8250bd1e1edf","properties":{"basis_of_record":"HumanObservation","coordinate_uncertainty_m":1,"country":"Australia","event_date":"2022-12-17","evidence_url":"https://seagrassspotter.org/sighting/8804","limitations":"Photo-associated occurrence; not meadow extent, absence evidence, condition, permanence, or representative sampling.","observation_id":"1520ac71-2d9c-4efa-a55c-8250bd1e1edf","scientific_name":"Zostera muelleri","scientific_status":"direct_observation"},"type":"Feature"},{"geometry":{"coordinates":[-122.315919,37.846012],"type":"Point"},"id":"15eec0dc-d5ad-4bf1-94f1-44ab681ccc02","properties":{"basis_of_record":"HumanObservation","coordinate_uncertainty_m":1,"country":"United States","event_date":"2023-01-22","evidence_url":"https://seagrassspotter.org/sighting/6943","limitations":"Photo-associated occurrence; not meadow extent, absence evidence, condition, permanence, or representative sampling.","observation_id":"15eec0dc-d5ad-4bf1-94f1-44ab681ccc02","scientific_name":"Zostera marina","scientific_status":"direct_observation"},"type":"Feature"},{"geometry":{"coordinates":[122.385168,-3.293521],"type":"Point"},"id":"175195d2-8327-4f20-8ba5-eb31f7457238","properties":{"basis_of_record":"HumanObservation","coordinate_uncertainty_m":50,"country":"Indonesia","event_date":"2025-09-13","evidence_url":"https://seagrassspotter.org/sighting/10410","limitations":"Photo-associated occurrence; not meadow extent, absence evidence, condition, permanence, or representative sampling.","observation_id":"175195d2-8327-4f20-8ba5-eb31f7457238","scientific_name":"Cymodocea rotundata","scientific_status":"direct_observation"},"type":"Feature"},{"geometry":{"coordinates":[35.14037,24.51067],"type":"Point"},"id":"17a8a5ea-1392-46b8-81cf-9cf1717e77a3","properties":{"basis_of_record":"HumanObservation","coordinate_uncertainty_m":1000,"country":"Egypt","event_date":"2023-03-26","evidence_url":"https://seagrassspotter.org/sighting/6715","limitations":"Photo-associated occurrence; not meadow extent, absence evidence, condition, permanence, or representative sampling.","observation_id":"17a8a5ea-1392-46b8-81cf-9cf1717e77a3","scientific_name":"Cymodocea rotundata","scientific_status":"direct_observation"},"type":"Feature"},{"geometry":{"coordinates":[-4.254197,57.491366],"type":"Point"},"id":"17b152ee-ecb5-4ec2-8de1-f2c4eab19136","properties":{"basis_of_record":"HumanObservation","coordinate_uncertainty_m":4,"country":"United Kingdom","event_date":"2024-04-06","evidence_url":"https://seagrassspotter.org/sighting/8006","limitations":"Photo-associated occurrence; not meadow extent, absence evidence, condition, permanence, or representative sampling.","observation_id":"17b152ee-ecb5-4ec2-8de1-f2c4eab19136","scientific_name":"Zostera noltii","scientific_status":"direct_observation"},"type":"Feature"},{"geometry":{"coordinates":[119.86486,12.19956],"type":"Point"},"id":"17cbce8f-3b21-4e89-be9d-f7ee5668e1be","properties":{"basis_of_record":"HumanObservation","coordinate_uncertainty_m":1,"country":"Philippines","event_date":"2023-01-24","evidence_url":"https://seagrassspotter.org/sighting/6387","limitations":"Photo-associated occurrence; not meadow extent, absence evidence, condition, permanence, or representative sampling.","observation_id":"17cbce8f-3b21-4e89-be9d-f7ee5668e1be","scientific_name":"Enhalus acoroides","scientific_status":"direct_observation"},"type":"Feature"},{"geometry":{"coordinates":[126.672708,4.000735],"type":"Point"},"id":"1970199b-7a7e-4f49-b223-c868d95d5832","properties":{"basis_of_record":"HumanObservation","coordinate_uncertainty_m":100,"country":"Indonesia","event_date":"2022-09-09","evidence_url":"https://seagrassspotter.org/sighting/5725","limitations":"Photo-associated occurrence; not meadow extent, absence evidence, condition, permanence, or representative sampling.","observation_id":"1970199b-7a7e-4f49-b223-c868d95d5832","scientific_name":"Syringodium isoetifolium","scientific_status":"direct_observation"},"type":"Feature"},{"geometry":{"coordinates":[125.618838,-8.211741],"type":"Point"},"id":"199c351a-9e14-45f4-9701-a5aaa6fa136a","properties":{"basis_of_record":"HumanObservation","coordinate_uncertainty_m":200,"country":"Timor-Leste","event_date":"2023-03-11","evidence_url":"https://seagrassspotter.org/sighting/6566","limitations":"Photo-associated occurrence; not meadow extent, absence evidence, condition, permanence, or representative sampling.","observation_id":"199c351a-9e14-45f4-9701-a5aaa6fa136a","scientific_name":"Enhalus acoroides","scientific_status":"direct_observation"},"type":"Feature"},{"geometry":{"coordinates":[145.243272,44.066017],"type":"Point"},"id":"19c1ce58-ae1c-43b0-97f7-cd999de080a0","properties":{"basis_of_record":"HumanObservation","coordinate_uncertainty_m":500,"country":"Japan","event_date":"2024-05-29","evidence_url":"https://seagrassspotter.org/sighting/8186","limitations":"Photo-associated occurrence; not meadow extent, absence evidence, condition, permanence, or representative sampling.","observation_id":"19c1ce58-ae1c-43b0-97f7-cd999de080a0","scientific_name":"Phyllospadix serrulatus","scientific_status":"direct_observation"},"type":"Feature"},{"geometry":{"coordinates":[-4.020458,53.244865],"type":"Point"},"id":"1a13fcd8-ed4a-4b48-922b-b72c4278cb8d","properties":{"basis_of_record":"HumanObservation","coordinate_uncertainty_m":6,"country":"United Kingdom","event_date":"2025-08-05","evidence_url":"https://seagrassspotter.org/sighting/9852","limitations":"Photo-associated occurrence; not meadow extent, absence evidence, condition, permanence, or representative sampling.","observation_id":"1a13fcd8-ed4a-4b48-922b-b72c4278cb8d","scientific_name":"Zostera noltii","scientific_status":"direct_observation"},"type":"Feature"},{"geometry":{"coordinates":[177.940162,-39.092989],"type":"Point"},"id":"1a1970bc-35d4-4b9a-b84a-75832548d0fb","properties":{"basis_of_record":"HumanObservation","coordinate_uncertainty_m":1,"country":"New Zealand","event_date":"2024-05-09","evidence_url":"https://seagrassspotter.org/sighting/8321","limitations":"Photo-associated occurrence; not meadow extent, absence evidence, condition, permanence, or representative sampling.","observation_id":"1a1970bc-35d4-4b9a-b84a-75832548d0fb","scientific_name":"Zostera muelleri","scientific_status":"direct_observation"},"type":"Feature"},{"geometry":{"coordinates":[103.673234,10.835518],"type":"Point"},"id":"1cedc3a8-374c-4d3a-b36d-4c004ede8ce6","properties":{"basis_of_record":"HumanObservation","coordinate_uncertainty_m":14,"country":"Cambodia","event_date":"2022-04-25","evidence_url":"https://seagrassspotter.org/sighting/4526","limitations":"Photo-associated occurrence; not meadow extent, absence evidence, condition, permanence, or representative sampling.","observation_id":"1cedc3a8-374c-4d3a-b36d-4c004ede8ce6","scientific_name":"Enhalus acoroides","scientific_status":"direct_observation"},"type":"Feature"},{"geometry":{"coordinates":[28.022607,36.383663],"type":"Point"},"id":"1dd8f4ce-32e2-4331-95d1-6170507a87ed","properties":{"basis_of_record":"HumanObservation","coordinate_uncertainty_m":1000,"country":"Greece","event_date":"2023-06-23","evidence_url":"https://seagrassspotter.org/sighting/7190","limitations":"Photo-associated occurrence; not meadow extent, absence evidence, condition, permanence, or representative sampling.","observation_id":"1dd8f4ce-32e2-4331-95d1-6170507a87ed","scientific_name":"Cymodocea nodosa","scientific_status":"direct_observation"},"type":"Feature"},{"geometry":{"coordinates":[73.147772,-0.686667],"type":"Point"},"id":"1e19a356-ecd2-4a52-923b-4ee235e98e5e","properties":{"basis_of_record":"HumanObservation","coordinate_uncertainty_m":1000,"country":"Maldives","event_date":"2023-03-10","evidence_url":"https://seagrassspotter.org/sighting/6868","limitations":"Photo-associated occurrence; not meadow extent, absence evidence, condition, permanence, or representative sampling.","observation_id":"1e19a356-ecd2-4a52-923b-4ee235e98e5e","scientific_name":"Thalassodendron ciliatum","scientific_status":"direct_observation"},"type":"Feature"},{"geometry":{"coordinates":[6.513482,37.065983],"type":"Point"},"id":"1e7cc644-8478-4eac-b5e6-0f5072f24020","properties":{"basis_of_record":"HumanObservation","coordinate_uncertainty_m":100,"country":"Algeria","event_date":"2025-10-05","evidence_url":"https://seagrassspotter.org/sighting/10446","limitations":"Photo-associated occurrence; not meadow extent, absence evidence, condition, permanence, or representative sampling.","observation_id":"1e7cc644-8478-4eac-b5e6-0f5072f24020","scientific_name":"Posidonia oceanica","scientific_status":"direct_observation"},"type":"Feature"},{"geometry":{"coordinates":[-9.848308,52.299899],"type":"Point"},"id":"1e7e907a-2ea0-43e9-ae56-dc61c3e2ecbc","properties":{"basis_of_record":"HumanObservation","coordinate_uncertainty_m":3,"country":"Ireland","event_date":"2021-06-16","evidence_url":"https://seagrassspotter.org/sighting/6177","limitations":"Photo-associated occurrence; not meadow extent, absence evidence, condition, permanence, or representative sampling.","observation_id":"1e7e907a-2ea0-43e9-ae56-dc61c3e2ecbc","scientific_name":"Zostera noltii","scientific_status":"direct_observation"},"type":"Feature"},{"geometry":{"coordinates":[153.031781,-27.18595],"type":"Point"},"id":"1eba5f77-5641-471a-800c-8789fe7f75d2","properties":{"basis_of_record":"HumanObservation","coordinate_uncertainty_m":35,"country":"Australia","event_date":"2021-12-30","evidence_url":"https://seagrassspotter.org/sighting/4579","limitations":"Photo-associated occurrence; not meadow extent, absence evidence, condition, permanence, or representative sampling.","observation_id":"1eba5f77-5641-471a-800c-8789fe7f75d2","scientific_name":"Halophila ovalis","scientific_status":"direct_observation"},"type":"Feature"},{"geometry":{"coordinates":[119.38339,10.24883],"type":"Point"},"id":"1f6dfee5-f88f-492e-b58c-283639755fa6","properties":{"basis_of_record":"HumanObservation","coordinate_uncertainty_m":100,"country":"Philippines","event_date":"2022-10-15","evidence_url":"https://seagrassspotter.org/sighting/5881","limitations":"Photo-associated occurrence; not meadow extent, absence evidence, condition, permanence, or representative sampling.","observation_id":"1f6dfee5-f88f-492e-b58c-283639755fa6","scientific_name":"Syringodium isoetifolium","scientific_status":"direct_observation"},"type":"Feature"},{"geometry":{"coordinates":[72.943895,2.294007],"type":"Point"},"id":"1fbdebfa-88f3-4c6d-aa8b-788d1ab317b3","properties":{"basis_of_record":"HumanObservation","coordinate_uncertainty_m":5,"country":"Maldives","event_date":"2021-01-20","evidence_url":"https://seagrassspotter.org/sighting/3747","limitations":"Photo-associated occurrence; not meadow extent, absence evidence, condition, permanence, or representative sampling.","observation_id":"1fbdebfa-88f3-4c6d-aa8b-788d1ab317b3","scientific_name":"Cymodocea rotundata","scientific_status":"direct_observation"},"type":"Feature"},{"geometry":{"coordinates":[125.123902,10.158061],"type":"Point"},"id":"20110945-6c2d-4033-a7f1-693b1ae0c19a","properties":{"basis_of_record":"HumanObservation","coordinate_uncertainty_m":1000,"country":"Philippines","event_date":"2021-03-17","evidence_url":"https://seagrassspotter.org/sighting/6772","limitations":"Photo-associated occurrence; not meadow extent, absence evidence, condition, permanence, or representative sampling.","observation_id":"20110945-6c2d-4033-a7f1-693b1ae0c19a","scientific_name":"Thalassia hemprichii","scientific_status":"direct_observation"},"type":"Feature"},{"geometry":{"coordinates":[-4.577324,53.320611],"type":"Point"},"id":"20168990-626d-4838-aa30-eca5801a908c","properties":{"basis_of_record":"HumanObservation","coordinate_uncertainty_m":5,"country":"United Kingdom","event_date":"2025-06-27","evidence_url":"https://seagrassspotter.org/sighting/9598","limitations":"Photo-associated occurrence; not meadow extent, absence evidence, condition, permanence, or representative sampling.","observation_id":"20168990-626d-4838-aa30-eca5801a908c","scientific_name":"Zostera marina","scientific_status":"direct_observation"},"type":"Feature"},{"geometry":{"coordinates":[-1.09796,50.701276],"type":"Point"},"id":"20295574-a7db-41b0-b3b0-030364354582","properties":{"basis_of_record":"HumanObservation","coordinate_uncertainty_m":30,"country":"United Kingdom","event_date":"2021-04-26","evidence_url":"https://seagrassspotter.org/sighting/3809","limitations":"Photo-associated occurrence; not meadow extent, absence evidence, condition, permanence, or representative sampling.","observation_id":"20295574-a7db-41b0-b3b0-030364354582","scientific_name":"Zostera marina","scientific_status":"direct_observation"},"type":"Feature"},{"geometry":{"coordinates":[-86.976656,16.059562],"type":"Point"},"id":"20d97467-5421-4d45-a26a-2e41d0166ecf","properties":{"basis_of_record":"HumanObservation","coordinate_uncertainty_m":50,"country":"Honduras","event_date":"2022-07-07","evidence_url":"https://seagrassspotter.org/sighting/4946","limitations":"Photo-associated occurrence; not meadow extent, absence evidence, condition, permanence, or representative sampling.","observation_id":"20d97467-5421-4d45-a26a-2e41d0166ecf","scientific_name":"Thalassia testudinum","scientific_status":"direct_observation"},"type":"Feature"},{"geometry":{"coordinates":[79.747586,8.213207],"type":"Point"},"id":"20f53e3b-a66c-4bb6-8498-169f175be1ae","properties":{"basis_of_record":"HumanObservation","coordinate_uncertainty_m":50,"country":"Sri Lanka","event_date":"2023-10-05","evidence_url":"https://seagrassspotter.org/sighting/7543","limitations":"Photo-associated occurrence; not meadow extent, absence evidence, condition, permanence, or representative sampling.","observation_id":"20f53e3b-a66c-4bb6-8498-169f175be1ae","scientific_name":"Oceana serrulata","scientific_status":"direct_observation"},"type":"Feature"},{"geometry":{"coordinates":[-77.668862,18.497257],"type":"Point"},"id":"21355285-2493-40d3-9508-061fa68832f6","properties":{"basis_of_record":"HumanObservation","coordinate_uncertainty_m":15,"country":"Jamaica","event_date":"2025-04-04","evidence_url":"https://seagrassspotter.org/sighting/9122","limitations":"Photo-associated occurrence; not meadow extent, absence evidence, condition, permanence, or representative sampling.","observation_id":"21355285-2493-40d3-9508-061fa68832f6","scientific_name":"Thalassia testudinum","scientific_status":"direct_observation"},"type":"Feature"},{"geometry":{"coordinates":[15.209527,36.96102],"type":"Point"},"id":"21596d93-0b83-4368-b187-d41b64a25ab2","properties":{"basis_of_record":"HumanObservation","coordinate_uncertainty_m":15,"country":"Italy","event_date":"2025-04-27","evidence_url":"https://seagrassspotter.org/sighting/9423","limitations":"Photo-associated occurrence; not meadow extent, absence evidence, condition, permanence, or representative sampling.","observation_id":"21596d93-0b83-4368-b187-d41b64a25ab2","scientific_name":"Posidonia oceanica","scientific_status":"direct_observation"},"type":"Feature"},{"geometry":{"coordinates":[125.63584,-8.1858],"type":"Point"},"id":"21785d79-080e-434f-bafd-8948e2013cd8","properties":{"basis_of_record":"HumanObservation","coordinate_uncertainty_m":1,"country":"Timor-Leste","event_date":"2023-03-13","evidence_url":"https://seagrassspotter.org/sighting/6600","limitations":"Photo-associated occurrence; not meadow extent, absence evidence, condition, permanence, or representative sampling.","observation_id":"21785d79-080e-434f-bafd-8948e2013cd8","scientific_name":"Thalassodendron ciliatum","scientific_status":"direct_observation"},"type":"Feature"},{"geometry":{"coordinates":[-62.987924,46.375354],"type":"Point"},"id":"217a4f51-35ad-4ea1-9062-a5a443953b5b","properties":{"basis_of_record":"HumanObservation","coordinate_uncertainty_m":1000,"country":"Canada","event_date":"2023-07-12","evidence_url":"https://seagrassspotter.org/sighting/7367","limitations":"Photo-associated occurrence; not meadow extent, absence evidence, condition, permanence, or representative sampling.","observation_id":"217a4f51-35ad-4ea1-9062-a5a443953b5b","scientific_name":"Zostera marina","scientific_status":"direct_observation"},"type":"Feature"},{"geometry":{"coordinates":[124.977487,1.739327],"type":"Point"},"id":"221c9bca-1995-488f-898a-babde928c215","properties":{"basis_of_record":"HumanObservation","coordinate_uncertainty_m":100,"country":"Indonesia","event_date":"2025-01-21","evidence_url":"https://seagrassspotter.org/sighting/8902","limitations":"Photo-associated occurrence; not meadow extent, absence evidence, condition, permanence, or representative sampling.","observation_id":"221c9bca-1995-488f-898a-babde928c215","scientific_name":"Enhalus acoroides","scientific_status":"direct_observation"},"type":"Feature"},{"geometry":{"coordinates":[125.63552,-8.18562],"type":"Point"},"id":"22394ef5-d4c7-472b-be96-f978de3feb08","properties":{"basis_of_record":"HumanObservation","coordinate_uncertainty_m":1,"country":"Timor-Leste","event_date":"2023-03-13","evidence_url":"https://seagrassspotter.org/sighting/6604","limitations":"Photo-associated occurrence; not meadow extent, absence evidence, condition, permanence, or representative sampling.","observation_id":"22394ef5-d4c7-472b-be96-f978de3feb08","scientific_name":"Enhalus acoroides","scientific_status":"direct_observation"},"type":"Feature"},{"geometry":{"coordinates":[174.187303,-41.094197],"type":"Point"},"id":"2298a86e-cc57-4ff8-a007-622883aed01e","properties":{"basis_of_record":"HumanObservation","coordinate_uncertainty_m":500,"country":"New Zealand","event_date":"2024-03-25","evidence_url":"https://seagrassspotter.org/sighting/7974","limitations":"Photo-associated occurrence; not meadow extent, absence evidence, condition, permanence, or representative sampling.","observation_id":"2298a86e-cc57-4ff8-a007-622883aed01e","scientific_name":"Zostera muelleri","scientific_status":"direct_observation"},"type":"Feature"},{"geometry":{"coordinates":[23.336046,40.217929],"type":"Point"},"id":"23299f72-027d-40a6-a496-44e36de7264f","properties":{"basis_of_record":"HumanObservation","coordinate_uncertainty_m":100,"country":"Greece","event_date":"2025-08-09","evidence_url":"https://seagrassspotter.org/sighting/10083","limitations":"Photo-associated occurrence; not meadow extent, absence evidence, condition, permanence, or representative sampling.","observation_id":"23299f72-027d-40a6-a496-44e36de7264f","scientific_name":"Cymodocea nodosa","scientific_status":"direct_observation"},"type":"Feature"},{"geometry":{"coordinates":[19.255611,57.952012],"type":"Point"},"id":"23c967b6-fe85-454c-9ec9-6eefe77240ab","properties":{"basis_of_record":"HumanObservation","coordinate_uncertainty_m":4,"country":"Sweden","event_date":"2021-06-14","evidence_url":"https://seagrassspotter.org/sighting/3889","limitations":"Photo-associated occurrence; not meadow extent, absence evidence, condition, permanence, or representative sampling.","observation_id":"23c967b6-fe85-454c-9ec9-6eefe77240ab","scientific_name":"Zostera marina","scientific_status":"direct_observation"},"type":"Feature"},{"geometry":{"coordinates":[35.139389,24.511029],"type":"Point"},"id":"23f441fb-49ec-4b8f-8a4d-d4c3798d3f7f","properties":{"basis_of_record":"HumanObservation","coordinate_uncertainty_m":5,"country":"Egypt","event_date":"2023-03-19","evidence_url":"https://seagrassspotter.org/sighting/6703","limitations":"Photo-associated occurrence; not meadow extent, absence evidence, condition, permanence, or representative sampling.","observation_id":"23f441fb-49ec-4b8f-8a4d-d4c3798d3f7f","scientific_name":"Halophila ovalis","scientific_status":"direct_observation"},"type":"Feature"},{"geometry":{"coordinates":[8.426741,58.251397],"type":"Point"},"id":"245f5f32-dd05-4ffd-aca8-532c36e7e75c","properties":{"basis_of_record":"HumanObservation","coordinate_uncertainty_m":10,"country":"Norway","event_date":"2022-05-15","evidence_url":"https://seagrassspotter.org/sighting/4628","limitations":"Photo-associated occurrence; not meadow extent, absence evidence, condition, permanence, or representative sampling.","observation_id":"245f5f32-dd05-4ffd-aca8-532c36e7e75c","scientific_name":"Zostera marina","scientific_status":"direct_observation"},"type":"Feature"},{"geometry":{"coordinates":[27.940005,43.208127],"type":"Point"},"id":"24d58aa1-c276-46f1-ad50-b2c5dec627d7","properties":{"basis_of_record":"HumanObservation","coordinate_uncertainty_m":1000,"country":"Bulgaria","event_date":"2021-07-05","evidence_url":"https://seagrassspotter.org/sighting/4381","limitations":"Photo-associated occurrence; not meadow extent, absence evidence, condition, permanence, or representative sampling.","observation_id":"24d58aa1-c276-46f1-ad50-b2c5dec627d7","scientific_name":"Zostera marina","scientific_status":"direct_observation"},"type":"Feature"},{"geometry":{"coordinates":[3.893302,39.927071],"type":"Point"},"id":"26a2d5d5-a8b5-4be4-9082-779a2a044e11","properties":{"basis_of_record":"HumanObservation","coordinate_uncertainty_m":2,"country":"Spain","event_date":"2024-09-15","evidence_url":"https://seagrassspotter.org/sighting/8554","limitations":"Photo-associated occurrence; not meadow extent, absence evidence, condition, permanence, or representative sampling.","observation_id":"26a2d5d5-a8b5-4be4-9082-779a2a044e11","scientific_name":"Posidonia oceanica","scientific_status":"direct_observation"},"type":"Feature"},{"geometry":{"coordinates":[118.788245,10.02693],"type":"Point"},"id":"26e08f5e-a3f7-4658-bf5f-e46676e1f686","properties":{"basis_of_record":"HumanObservation","coordinate_uncertainty_m":4,"country":"Philippines","event_date":"2023-05-08","evidence_url":"https://seagrassspotter.org/sighting/6904","limitations":"Photo-associated occurrence; not meadow extent, absence evidence, condition, permanence, or representative sampling.","observation_id":"26e08f5e-a3f7-4658-bf5f-e46676e1f686","scientific_name":"Enhalus acoroides","scientific_status":"direct_observation"},"type":"Feature"},{"geometry":{"coordinates":[118.773047,9.737142],"type":"Point"},"id":"2812abd2-ce28-48c4-a475-fb2eba02f0ce","properties":{"basis_of_record":"HumanObservation","coordinate_uncertainty_m":296,"country":"Philippines","event_date":"2023-05-06","evidence_url":"https://seagrassspotter.org/sighting/6903","limitations":"Photo-associated occurrence; not meadow extent, absence evidence, condition, permanence, or representative sampling.","observation_id":"2812abd2-ce28-48c4-a475-fb2eba02f0ce","scientific_name":"Cymodocea rotundata","scientific_status":"direct_observation"},"type":"Feature"},{"geometry":{"coordinates":[119.38339,10.24881],"type":"Point"},"id":"2820220a-0c18-4097-a3c4-cb04ba0241e4","properties":{"basis_of_record":"HumanObservation","coordinate_uncertainty_m":10,"country":"Philippines","event_date":"2022-10-15","evidence_url":"https://seagrassspotter.org/sighting/5907","limitations":"Photo-associated occurrence; not meadow extent, absence evidence, condition, permanence, or representative sampling.","observation_id":"2820220a-0c18-4097-a3c4-cb04ba0241e4","scientific_name":"Cymodocea rotundata","scientific_status":"direct_observation"},"type":"Feature"},{"geometry":{"coordinates":[-83.452432,8.678734],"type":"Point"},"id":"28baaf86-8770-46e5-b2f9-1924c1a74dab","properties":{"basis_of_record":"HumanObservation","coordinate_uncertainty_m":50,"country":"Costa Rica","event_date":"2022-03-17","evidence_url":"https://seagrassspotter.org/sighting/4445","limitations":"Photo-associated occurrence; not meadow extent, absence evidence, condition, permanence, or representative sampling.","observation_id":"28baaf86-8770-46e5-b2f9-1924c1a74dab","scientific_name":"Halophila decipiens","scientific_status":"direct_observation"},"type":"Feature"},{"geometry":{"coordinates":[-4.179795,51.67799],"type":"Point"},"id":"28ddc6e9-0a0b-491b-a62c-580b91904e6e","properties":{"basis_of_record":"HumanObservation","coordinate_uncertainty_m":13,"country":"United Kingdom","event_date":"2025-06-04","evidence_url":"https://seagrassspotter.org/sighting/9458","limitations":"Photo-associated occurrence; not meadow extent, absence evidence, condition, permanence, or representative sampling.","observation_id":"28ddc6e9-0a0b-491b-a62c-580b91904e6e","scientific_name":"Zostera noltii","scientific_status":"direct_observation"},"type":"Feature"},{"geometry":{"coordinates":[14.025759,38.041043],"type":"Point"},"id":"29c01e3a-edb1-4a0c-a7fc-a78769f2dda1","properties":{"basis_of_record":"HumanObservation","coordinate_uncertainty_m":15,"country":"Italy","event_date":"2025-05-12","evidence_url":"https://seagrassspotter.org/sighting/9424","limitations":"Photo-associated occurrence; not meadow extent, absence evidence, condition, permanence, or representative sampling.","observation_id":"29c01e3a-edb1-4a0c-a7fc-a78769f2dda1","scientific_name":"Posidonia oceanica","scientific_status":"direct_observation"},"type":"Feature"},{"geometry":{"coordinates":[119.7578,-8.498471],"type":"Point"},"id":"2a0686ed-f929-46c0-a83b-6da280c9f8e6","properties":{"basis_of_record":"HumanObservation","coordinate_uncertainty_m":200,"country":"Indonesia","event_date":"2023-08-18","evidence_url":"https://seagrassspotter.org/sighting/7352","limitations":"Photo-associated occurrence; not meadow extent, absence evidence, condition, permanence, or representative sampling.","observation_id":"2a0686ed-f929-46c0-a83b-6da280c9f8e6","scientific_name":"Thalassia hemprichii","scientific_status":"direct_observation"},"type":"Feature"},{"geometry":{"coordinates":[99.30933,7.37633],"type":"Point"},"id":"2a6aaea4-82f0-48c6-892a-d505d72b6ceb","properties":{"basis_of_record":"HumanObservation","coordinate_uncertainty_m":1,"country":"Thailand","event_date":"2023-03-24","evidence_url":"https://seagrassspotter.org/sighting/6788","limitations":"Photo-associated occurrence; not meadow extent, absence evidence, condition, permanence, or representative sampling.","observation_id":"2a6aaea4-82f0-48c6-892a-d505d72b6ceb","scientific_name":"Enhalus acoroides","scientific_status":"direct_observation"},"type":"Feature"},{"geometry":{"coordinates":[-123.105587,49.021408],"type":"Point"},"id":"2b43f803-4664-44c8-b912-963d2d8b6bf0","properties":{"basis_of_record":"HumanObservation","coordinate_uncertainty_m":9,"country":"Canada","event_date":"2022-05-21","evidence_url":"https://seagrassspotter.org/sighting/4648","limitations":"Photo-associated occurrence; not meadow extent, absence evidence, condition, permanence, or representative sampling.","observation_id":"2b43f803-4664-44c8-b912-963d2d8b6bf0","scientific_name":"Zostera marina","scientific_status":"direct_observation"},"type":"Feature"},{"geometry":{"coordinates":[12.490659,54.460557],"type":"Point"},"id":"2bcd45cc-dc45-40a8-8c12-a0404d5436fe","properties":{"basis_of_record":"HumanObservation","coordinate_uncertainty_m":8,"country":"Germany","event_date":"2021-08-15","evidence_url":"https://seagrassspotter.org/sighting/4643","limitations":"Photo-associated occurrence; not meadow extent, absence evidence, condition, permanence, or representative sampling.","observation_id":"2bcd45cc-dc45-40a8-8c12-a0404d5436fe","scientific_name":"Zostera marina","scientific_status":"direct_observation"},"type":"Feature"},{"geometry":{"coordinates":[-4.899435,51.759851],"type":"Point"},"id":"2c453078-73c7-4a88-b221-380c7f8b1b9b","properties":{"basis_of_record":"HumanObservation","coordinate_uncertainty_m":3,"country":"United Kingdom","event_date":"2025-03-03","evidence_url":"https://seagrassspotter.org/sighting/8967","limitations":"Photo-associated occurrence; not meadow extent, absence evidence, condition, permanence, or representative sampling.","observation_id":"2c453078-73c7-4a88-b221-380c7f8b1b9b","scientific_name":"Zostera noltii","scientific_status":"direct_observation"},"type":"Feature"},{"geometry":{"coordinates":[-4.117469,57.51896],"type":"Point"},"id":"2c5c9f66-922f-47b3-923b-f037d8d34250","properties":{"basis_of_record":"HumanObservation","coordinate_uncertainty_m":1000,"country":"United Kingdom","event_date":"2023-10-22","evidence_url":"https://seagrassspotter.org/sighting/7615","limitations":"Photo-associated occurrence; not meadow extent, absence evidence, condition, permanence, or representative sampling.","observation_id":"2c5c9f66-922f-47b3-923b-f037d8d34250","scientific_name":"Zostera marina","scientific_status":"direct_observation"},"type":"Feature"},{"geometry":{"coordinates":[138.627229,-35.559681],"type":"Point"},"id":"2ccce6c9-7004-4ae6-b621-55572ce1f031","properties":{"basis_of_record":"HumanObservation","coordinate_uncertainty_m":50,"country":"Australia","event_date":"2022-10-22","evidence_url":"https://seagrassspotter.org/sighting/7973","limitations":"Photo-associated occurrence; not meadow extent, absence evidence, condition, permanence, or representative sampling.","observation_id":"2ccce6c9-7004-4ae6-b621-55572ce1f031","scientific_name":"Posidonia australis","scientific_status":"direct_observation"},"type":"Feature"},{"geometry":{"coordinates":[12.610463,55.689412],"type":"Point"},"id":"2cdb6572-d38c-498d-8dd8-50dabae9c7b1","properties":{"basis_of_record":"HumanObservation","coordinate_uncertainty_m":8,"country":"Denmark","event_date":"2025-06-21","evidence_url":"https://seagrassspotter.org/sighting/10419","limitations":"Photo-associated occurrence; not meadow extent, absence evidence, condition, permanence, or representative sampling.","observation_id":"2cdb6572-d38c-498d-8dd8-50dabae9c7b1","scientific_name":"Zostera marina","scientific_status":"direct_observation"},"type":"Feature"},{"geometry":{"coordinates":[35.14025,24.51095],"type":"Point"},"id":"2d2e4743-c21f-4b98-afd0-e4131f238aee","properties":{"basis_of_record":"HumanObservation","coordinate_uncertainty_m":5,"country":"Egypt","event_date":"2023-03-19","evidence_url":"https://seagrassspotter.org/sighting/6706","limitations":"Photo-associated occurrence; not meadow extent, absence evidence, condition, permanence, or representative sampling.","observation_id":"2d2e4743-c21f-4b98-afd0-e4131f238aee","scientific_name":"Halophila decipiens","scientific_status":"direct_observation"},"type":"Feature"},{"geometry":{"coordinates":[1.232125,38.93006],"type":"Point"},"id":"2d4a03ab-4148-4683-b036-fcc3710b2c66","properties":{"basis_of_record":"HumanObservation","coordinate_uncertainty_m":1,"country":"Spain","event_date":"2025-03-01","evidence_url":"https://seagrassspotter.org/sighting/8963","limitations":"Photo-associated occurrence; not meadow extent, absence evidence, condition, permanence, or representative sampling.","observation_id":"2d4a03ab-4148-4683-b036-fcc3710b2c66","scientific_name":"Posidonia oceanica","scientific_status":"direct_observation"},"type":"Feature"},{"geometry":{"coordinates":[118.693591,4.575994],"type":"Point"},"id":"2eadd0cf-0f82-46a5-a6af-d80c9d878f4e","properties":{"basis_of_record":"HumanObservation","coordinate_uncertainty_m":10,"country":"Malaysia","event_date":"2024-06-30","evidence_url":"https://seagrassspotter.org/sighting/8856","limitations":"Photo-associated occurrence; not meadow extent, absence evidence, condition, permanence, or representative sampling.","observation_id":"2eadd0cf-0f82-46a5-a6af-d80c9d878f4e","scientific_name":"Enhalus acoroides","scientific_status":"direct_observation"},"type":"Feature"},{"geometry":{"coordinates":[167.251936,-15.494352],"type":"Point"},"id":"2ef9532c-60a7-4958-9bec-a42207b708cd","properties":{"basis_of_record":"HumanObservation","coordinate_uncertainty_m":200,"country":"Vanuatu","event_date":"2023-04-24","evidence_url":"https://seagrassspotter.org/sighting/6985","limitations":"Photo-associated occurrence; not meadow extent, absence evidence, condition, permanence, or representative sampling.","observation_id":"2ef9532c-60a7-4958-9bec-a42207b708cd","scientific_name":"Cymodocea rotundata","scientific_status":"direct_observation"},"type":"Feature"},{"geometry":{"coordinates":[174.865583,-37.805711],"type":"Point"},"id":"2f11317f-bae2-49cf-9718-e45bf8883b61","properties":{"basis_of_record":"HumanObservation","coordinate_uncertainty_m":30,"country":"New Zealand","event_date":"2025-06-25","evidence_url":"https://seagrassspotter.org/sighting/9540","limitations":"Photo-associated occurrence; not meadow extent, absence evidence, condition, permanence, or representative sampling.","observation_id":"2f11317f-bae2-49cf-9718-e45bf8883b61","scientific_name":"Zostera muelleri","scientific_status":"direct_observation"},"type":"Feature"},{"geometry":{"coordinates":[-3.093004,51.207019],"type":"Point"},"id":"2f5434a4-1ea0-4465-8882-4271fc173004","properties":{"basis_of_record":"HumanObservation","coordinate_uncertainty_m":9,"country":"United Kingdom","event_date":"2024-08-06","evidence_url":"https://seagrassspotter.org/sighting/8416","limitations":"Photo-associated occurrence; not meadow extent, absence evidence, condition, permanence, or representative sampling.","observation_id":"2f5434a4-1ea0-4465-8882-4271fc173004","scientific_name":"Zostera marina","scientific_status":"direct_observation"},"type":"Feature"},{"geometry":{"coordinates":[-6.216423,56.288245],"type":"Point"},"id":"30040b49-49b3-4dda-90a8-ee5b8acc9fee","properties":{"basis_of_record":"HumanObservation","coordinate_uncertainty_m":1000,"country":"United Kingdom","event_date":"2022-04-02","evidence_url":"https://seagrassspotter.org/sighting/4474","limitations":"Photo-associated occurrence; not meadow extent, absence evidence, condition, permanence, or representative sampling.","observation_id":"30040b49-49b3-4dda-90a8-ee5b8acc9fee","scientific_name":"Zostera marina","scientific_status":"direct_observation"},"type":"Feature"},{"geometry":{"coordinates":[-116.951113,32.248205],"type":"Point"},"id":"30287948-1473-4b52-a8c2-f254c842887d","properties":{"basis_of_record":"HumanObservation","coordinate_uncertainty_m":20,"country":"Mexico","event_date":"2024-03-26","evidence_url":"https://seagrassspotter.org/sighting/7979","limitations":"Photo-associated occurrence; not meadow extent, absence evidence, condition, permanence, or representative sampling.","observation_id":"30287948-1473-4b52-a8c2-f254c842887d","scientific_name":"Phyllospadix torreyi","scientific_status":"direct_observation"},"type":"Feature"},{"geometry":{"coordinates":[113.811435,-7.705635],"type":"Point"},"id":"3066598f-9710-49ed-a762-d2bfb7deb106","properties":{"basis_of_record":"HumanObservation","coordinate_uncertainty_m":100,"country":"Indonesia","event_date":"2024-08-15","evidence_url":"https://seagrassspotter.org/sighting/8476","limitations":"Photo-associated occurrence; not meadow extent, absence evidence, condition, permanence, or representative sampling.","observation_id":"3066598f-9710-49ed-a762-d2bfb7deb106","scientific_name":"Halophila ovalis","scientific_status":"direct_observation"},"type":"Feature"},{"geometry":{"coordinates":[-5.164399,51.709838],"type":"Point"},"id":"308662f5-bc05-491c-bf7a-925390e328a7","properties":{"basis_of_record":"HumanObservation","coordinate_uncertainty_m":8,"country":"United Kingdom","event_date":"2025-03-31","evidence_url":"https://seagrassspotter.org/sighting/9048","limitations":"Photo-associated occurrence; not meadow extent, absence evidence, condition, permanence, or representative sampling.","observation_id":"308662f5-bc05-491c-bf7a-925390e328a7","scientific_name":"Zostera marina","scientific_status":"direct_observation"},"type":"Feature"},{"geometry":{"coordinates":[176.907372,-39.992762],"type":"Point"},"id":"30dd03b3-27b2-4d6e-a14f-cae8278b2a80","properties":{"basis_of_record":"HumanObservation","coordinate_uncertainty_m":5,"country":"New Zealand","event_date":"2024-05-28","evidence_url":"https://seagrassspotter.org/sighting/8330","limitations":"Photo-associated occurrence; not meadow extent, absence evidence, condition, permanence, or representative sampling.","observation_id":"30dd03b3-27b2-4d6e-a14f-cae8278b2a80","scientific_name":"Zostera muelleri","scientific_status":"direct_observation"},"type":"Feature"},{"geometry":{"coordinates":[106.297575,-2.158432],"type":"Point"},"id":"3115fc8b-cc05-4a78-91ea-b0af1784aea0","properties":{"basis_of_record":"HumanObservation","coordinate_uncertainty_m":1000,"country":"Indonesia","event_date":"2023-01-04","evidence_url":"https://seagrassspotter.org/sighting/6726","limitations":"Photo-associated occurrence; not meadow extent, absence evidence, condition, permanence, or representative sampling.","observation_id":"3115fc8b-cc05-4a78-91ea-b0af1784aea0","scientific_name":"Halophila ovalis","scientific_status":"direct_observation"},"type":"Feature"},{"geometry":{"coordinates":[-8.754781,42.225917],"type":"Point"},"id":"31e0462e-b1d5-486c-a1b2-292d6524fb87","properties":{"basis_of_record":"HumanObservation","coordinate_uncertainty_m":1000,"country":"Spain","event_date":"2021-01-23","evidence_url":"https://seagrassspotter.org/sighting/3752","limitations":"Photo-associated occurrence; not meadow extent, absence evidence, condition, permanence, or representative sampling.","observation_id":"31e0462e-b1d5-486c-a1b2-292d6524fb87","scientific_name":"Zostera noltii","scientific_status":"direct_observation"},"type":"Feature"},{"geometry":{"coordinates":[149.182926,-19.746809],"type":"Point"},"id":"3240086d-fe08-45c9-9eaf-8de50494896a","properties":{"basis_of_record":"HumanObservation","coordinate_uncertainty_m":100,"country":"Australia","event_date":"2022-06-19","evidence_url":"https://seagrassspotter.org/sighting/4213","limitations":"Photo-associated occurrence; not meadow extent, absence evidence, condition, permanence, or representative sampling.","observation_id":"3240086d-fe08-45c9-9eaf-8de50494896a","scientific_name":"Halophila ovalis","scientific_status":"direct_observation"},"type":"Feature"},{"geometry":{"coordinates":[40.566923,-10.815111],"type":"Point"},"id":"32cc5cb0-bde0-4604-945f-aeef3386ccb4","properties":{"basis_of_record":"HumanObservation","coordinate_uncertainty_m":1000,"country":"Mozambique","event_date":"2021-03-10","evidence_url":"https://seagrassspotter.org/sighting/4370","limitations":"Photo-associated occurrence; not meadow extent, absence evidence, condition, permanence, or representative sampling.","observation_id":"32cc5cb0-bde0-4604-945f-aeef3386ccb4","scientific_name":"Thalassia hemprichii","scientific_status":"direct_observation"},"type":"Feature"},{"geometry":{"coordinates":[-80.89062,24.786782],"type":"Point"},"id":"331efac0-329e-4036-81e6-cc48a6d2742e","properties":{"basis_of_record":"HumanObservation","coordinate_uncertainty_m":10,"country":"United States","event_date":"2023-08-18","evidence_url":"https://seagrassspotter.org/sighting/10367","limitations":"Photo-associated occurrence; not meadow extent, absence evidence, condition, permanence, or representative sampling.","observation_id":"331efac0-329e-4036-81e6-cc48a6d2742e","scientific_name":"Thalassia testudinum","scientific_status":"direct_observation"},"type":"Feature"},{"geometry":{"coordinates":[-1.375156,50.735648],"type":"Point"},"id":"338915fc-e19d-46ce-92f4-71bf2e8603aa","properties":{"basis_of_record":"HumanObservation","coordinate_uncertainty_m":1000,"country":"United Kingdom","event_date":"2023-09-02","evidence_url":"https://seagrassspotter.org/sighting/7374","limitations":"Photo-associated occurrence; not meadow extent, absence evidence, condition, permanence, or representative sampling.","observation_id":"338915fc-e19d-46ce-92f4-71bf2e8603aa","scientific_name":"Zostera marina","scientific_status":"direct_observation"},"type":"Feature"},{"geometry":{"coordinates":[13.507234,38.116429],"type":"Point"},"id":"33c6cef8-faf4-4bd8-936b-f3392305d151","properties":{"basis_of_record":"HumanObservation","coordinate_uncertainty_m":10,"country":"Italy","event_date":"2025-09-11","evidence_url":"https://seagrassspotter.org/sighting/10241","limitations":"Photo-associated occurrence; not meadow extent, absence evidence, condition, permanence, or representative sampling.","observation_id":"33c6cef8-faf4-4bd8-936b-f3392305d151","scientific_name":"Posidonia oceanica","scientific_status":"direct_observation"},"type":"Feature"},{"geometry":{"coordinates":[-70.934772,-27.654705],"type":"Point"},"id":"3403dc12-7fad-4058-b816-e0ab8c777bea","properties":{"basis_of_record":"HumanObservation","coordinate_uncertainty_m":100,"country":"Chile","event_date":"2023-11-16","evidence_url":"https://seagrassspotter.org/sighting/8345","limitations":"Photo-associated occurrence; not meadow extent, absence evidence, condition, permanence, or representative sampling.","observation_id":"3403dc12-7fad-4058-b816-e0ab8c777bea","scientific_name":"Zostera nigricaulis","scientific_status":"direct_observation"},"type":"Feature"},{"geometry":{"coordinates":[-120.860719,35.372033],"type":"Point"},"id":"36963e10-04e1-4e0a-85cd-fd81b475afae","properties":{"basis_of_record":"HumanObservation","coordinate_uncertainty_m":500,"country":"United States","event_date":"2024-11-16","evidence_url":"https://seagrassspotter.org/sighting/8870","limitations":"Photo-associated occurrence; not meadow extent, absence evidence, condition, permanence, or representative sampling.","observation_id":"36963e10-04e1-4e0a-85cd-fd81b475afae","scientific_name":"Zostera marina","scientific_status":"direct_observation"},"type":"Feature"},{"geometry":{"coordinates":[73.448707,4.950774],"type":"Point"},"id":"376d1830-c946-4afa-a66e-6aec130a2cae","properties":{"basis_of_record":"HumanObservation","coordinate_uncertainty_m":1000,"country":"Maldives","event_date":"2023-10-27","evidence_url":"https://seagrassspotter.org/sighting/7668","limitations":"Photo-associated occurrence; not meadow extent, absence evidence, condition, permanence, or representative sampling.","observation_id":"376d1830-c946-4afa-a66e-6aec130a2cae","scientific_name":"Halodule uninervis","scientific_status":"direct_observation"},"type":"Feature"},{"geometry":{"coordinates":[-5.171396,51.716241],"type":"Point"},"id":"379b2614-6911-44fe-a07c-c71d38b518d4","properties":{"basis_of_record":"HumanObservation","coordinate_uncertainty_m":8,"country":"United Kingdom","event_date":"2025-12-06","evidence_url":"https://seagrassspotter.org/sighting/10953","limitations":"Photo-associated occurrence; not meadow extent, absence evidence, condition, permanence, or representative sampling.","observation_id":"379b2614-6911-44fe-a07c-c71d38b518d4","scientific_name":"Zostera noltii","scientific_status":"direct_observation"},"type":"Feature"},{"geometry":{"coordinates":[-4.932222,36.499444],"type":"Point"},"id":"37a7945e-261d-42c1-a02a-e1dd3c240631","properties":{"basis_of_record":"HumanObservation","coordinate_uncertainty_m":5,"country":"Spain","event_date":"2024-02-21","evidence_url":"https://seagrassspotter.org/sighting/7889","limitations":"Photo-associated occurrence; not meadow extent, absence evidence, condition, permanence, or representative sampling.","observation_id":"37a7945e-261d-42c1-a02a-e1dd3c240631","scientific_name":"Posidonia oceanica","scientific_status":"direct_observation"},"type":"Feature"},{"geometry":{"coordinates":[122.822025,-10.889639],"type":"Point"},"id":"37d877e1-d3fd-49ec-a9f5-47d2062122b2","properties":{"basis_of_record":"HumanObservation","coordinate_uncertainty_m":2000,"country":"Indonesia","event_date":"2022-05-31","evidence_url":"https://seagrassspotter.org/sighting/4787","limitations":"Photo-associated occurrence; not meadow extent, absence evidence, condition, permanence, or representative sampling.","observation_id":"37d877e1-d3fd-49ec-a9f5-47d2062122b2","scientific_name":"Thalassia hemprichii","scientific_status":"direct_observation"},"type":"Feature"},{"geometry":{"coordinates":[115.668141,-31.832898],"type":"Point"},"id":"387c64b6-6262-4462-a80f-ab214710516a","properties":{"basis_of_record":"HumanObservation","coordinate_uncertainty_m":5,"country":"Australia","event_date":"2023-07-30","evidence_url":"https://seagrassspotter.org/sighting/7313","limitations":"Photo-associated occurrence; not meadow extent, absence evidence, condition, permanence, or representative sampling.","observation_id":"387c64b6-6262-4462-a80f-ab214710516a","scientific_name":"Thalassodendron ciliatum","scientific_status":"direct_observation"},"type":"Feature"},{"geometry":{"coordinates":[-3.527708,56.006153],"type":"Point"},"id":"39caa23c-fed5-4468-a65c-c6939c9d41a5","properties":{"basis_of_record":"HumanObservation","coordinate_uncertainty_m":500,"country":"United Kingdom","event_date":"2024-10-17","evidence_url":"https://seagrassspotter.org/sighting/8677","limitations":"Photo-associated occurrence; not meadow extent, absence evidence, condition, permanence, or representative sampling.","observation_id":"39caa23c-fed5-4468-a65c-c6939c9d41a5","scientific_name":"Zostera noltii","scientific_status":"direct_observation"},"type":"Feature"},{"geometry":{"coordinates":[176.862978,-40.136732],"type":"Point"},"id":"39e58360-4715-472b-8e76-01f033418be9","properties":{"basis_of_record":"HumanObservation","coordinate_uncertainty_m":1,"country":"New Zealand","event_date":"2024-04-12","evidence_url":"https://seagrassspotter.org/sighting/8327","limitations":"Photo-associated occurrence; not meadow extent, absence evidence, condition, permanence, or representative sampling.","observation_id":"39e58360-4715-472b-8e76-01f033418be9","scientific_name":"Zostera muelleri","scientific_status":"direct_observation"},"type":"Feature"},{"geometry":{"coordinates":[-34.849559,-8.020871],"type":"Point"},"id":"3a99a345-7cab-4409-900c-469e1d930f74","properties":{"basis_of_record":"HumanObservation","coordinate_uncertainty_m":1000,"country":"Brazil","event_date":"2023-02-23","evidence_url":"https://seagrassspotter.org/sighting/6682","limitations":"Photo-associated occurrence; not meadow extent, absence evidence, condition, permanence, or representative sampling.","observation_id":"3a99a345-7cab-4409-900c-469e1d930f74","scientific_name":"Halodule wrightii","scientific_status":"direct_observation"},"type":"Feature"},{"geometry":{"coordinates":[8.119985,43.923553],"type":"Point"},"id":"3aa323e4-0f5d-4917-82d8-d411b907d43d","properties":{"basis_of_record":"HumanObservation","coordinate_uncertainty_m":20,"country":"Italy","event_date":"2021-07-29","evidence_url":"https://seagrassspotter.org/sighting/6181","limitations":"Photo-associated occurrence; not meadow extent, absence evidence, condition, permanence, or representative sampling.","observation_id":"3aa323e4-0f5d-4917-82d8-d411b907d43d","scientific_name":"Posidonia oceanica","scientific_status":"direct_observation"},"type":"Feature"},{"geometry":{"coordinates":[125.658984,3.529076],"type":"Point"},"id":"3b361f3b-24e3-4bed-9730-ede6f823472c","properties":{"basis_of_record":"HumanObservation","coordinate_uncertainty_m":50,"country":"Indonesia","event_date":"2022-09-03","evidence_url":"https://seagrassspotter.org/sighting/5443","limitations":"Photo-associated occurrence; not meadow extent, absence evidence, condition, permanence, or representative sampling.","observation_id":"3b361f3b-24e3-4bed-9730-ede6f823472c","scientific_name":"Cymodocea rotundata","scientific_status":"direct_observation"},"type":"Feature"},{"geometry":{"coordinates":[18.910071,57.719696],"type":"Point"},"id":"3b6bd155-b054-42f0-b0d1-e966cb28e679","properties":{"basis_of_record":"HumanObservation","coordinate_uncertainty_m":1,"country":"Sweden","event_date":"2022-07-12","evidence_url":"https://seagrassspotter.org/sighting/4986","limitations":"Photo-associated occurrence; not meadow extent, absence evidence, condition, permanence, or representative sampling.","observation_id":"3b6bd155-b054-42f0-b0d1-e966cb28e679","scientific_name":"Zostera marina","scientific_status":"direct_observation"},"type":"Feature"},{"geometry":{"coordinates":[1.165126,51.966836],"type":"Point"},"id":"3bfb493e-6b97-4b6f-a054-a92a1575070d","properties":{"basis_of_record":"HumanObservation","coordinate_uncertainty_m":1000,"country":"United Kingdom","event_date":"2021-07-28","evidence_url":"https://seagrassspotter.org/sighting/4006","limitations":"Photo-associated occurrence; not meadow extent, absence evidence, condition, permanence, or representative sampling.","observation_id":"3bfb493e-6b97-4b6f-a054-a92a1575070d","scientific_name":"Zostera marina","scientific_status":"direct_observation"},"type":"Feature"},{"geometry":{"coordinates":[80.076425,9.602524],"type":"Point"},"id":"3d1ff90c-960c-44cb-a68d-2e2b3845e041","properties":{"basis_of_record":"HumanObservation","coordinate_uncertainty_m":5,"country":"Sri Lanka","event_date":"2024-07-23","evidence_url":"https://seagrassspotter.org/sighting/8378","limitations":"Photo-associated occurrence; not meadow extent, absence evidence, condition, permanence, or representative sampling.","observation_id":"3d1ff90c-960c-44cb-a68d-2e2b3845e041","scientific_name":"Cymodocea rotundata","scientific_status":"direct_observation"},"type":"Feature"},{"geometry":{"coordinates":[11.559593,58.321355],"type":"Point"},"id":"3d4a13c3-b2e1-4a79-a207-fd61e1b2bb89","properties":{"basis_of_record":"HumanObservation","coordinate_uncertainty_m":50,"country":"Sweden","event_date":"2021-06-12","evidence_url":"https://seagrassspotter.org/sighting/3890","limitations":"Photo-associated occurrence; not meadow extent, absence evidence, condition, permanence, or representative sampling.","observation_id":"3d4a13c3-b2e1-4a79-a207-fd61e1b2bb89","scientific_name":"Zostera marina","scientific_status":"direct_observation"},"type":"Feature"},{"geometry":{"coordinates":[103.83368,2.47409],"type":"Point"},"id":"3fb64583-156d-47c9-8997-797534c986ff","properties":{"basis_of_record":"HumanObservation","coordinate_uncertainty_m":500,"country":"Malaysia","event_date":"2022-07-23","evidence_url":"https://seagrassspotter.org/sighting/5094","limitations":"Photo-associated occurrence; not meadow extent, absence evidence, condition, permanence, or representative sampling.","observation_id":"3fb64583-156d-47c9-8997-797534c986ff","scientific_name":"Cymodocea rotundata","scientific_status":"direct_observation"},"type":"Feature"},{"geometry":{"coordinates":[-3.212779,56.063545],"type":"Point"},"id":"40668422-810c-4fc8-9634-5561c912d300","properties":{"basis_of_record":"HumanObservation","coordinate_uncertainty_m":5,"country":"United Kingdom","event_date":"2022-05-24","evidence_url":"https://seagrassspotter.org/sighting/4671","limitations":"Photo-associated occurrence; not meadow extent, absence evidence, condition, permanence, or representative sampling.","observation_id":"40668422-810c-4fc8-9634-5561c912d300","scientific_name":"Zostera marina","scientific_status":"direct_observation"},"type":"Feature"},{"geometry":{"coordinates":[8.359382,39.098693],"type":"Point"},"id":"408deaad-5be5-4890-b4af-5a17054eb123","properties":{"basis_of_record":"HumanObservation","coordinate_uncertainty_m":100,"country":"Italy","event_date":"2022-07-10","evidence_url":"https://seagrassspotter.org/sighting/6938","limitations":"Photo-associated occurrence; not meadow extent, absence evidence, condition, permanence, or representative sampling.","observation_id":"408deaad-5be5-4890-b4af-5a17054eb123","scientific_name":"Posidonia oceanica","scientific_status":"direct_observation"},"type":"Feature"},{"geometry":{"coordinates":[-1.937153,49.285426],"type":"Point"},"id":"410e1656-8ec3-4f79-a85d-2764521a2ca7","properties":{"basis_of_record":"HumanObservation","coordinate_uncertainty_m":1000,"country":"Jersey","event_date":"2021-10-09","evidence_url":"https://seagrassspotter.org/sighting/4121","limitations":"Photo-associated occurrence; not meadow extent, absence evidence, condition, permanence, or representative sampling.","observation_id":"410e1656-8ec3-4f79-a85d-2764521a2ca7","scientific_name":"Zostera marina","scientific_status":"direct_observation"},"type":"Feature"},{"geometry":{"coordinates":[-5.164145,51.709747],"type":"Point"},"id":"4195e27a-c123-436a-a8ad-94ed8c546599","properties":{"basis_of_record":"HumanObservation","coordinate_uncertainty_m":8,"country":"United Kingdom","event_date":"2025-03-31","evidence_url":"https://seagrassspotter.org/sighting/9044","limitations":"Photo-associated occurrence; not meadow extent, absence evidence, condition, permanence, or representative sampling.","observation_id":"4195e27a-c123-436a-a8ad-94ed8c546599","scientific_name":"Zostera marina","scientific_status":"direct_observation"},"type":"Feature"},{"geometry":{"coordinates":[73.575,0.443417],"type":"Point"},"id":"4295eae3-3042-4967-8df7-9bb33dc15461","properties":{"basis_of_record":"HumanObservation","coordinate_uncertainty_m":1,"country":"Maldives","event_date":"2023-11-22","evidence_url":"https://seagrassspotter.org/sighting/7769","limitations":"Photo-associated occurrence; not meadow extent, absence evidence, condition, permanence, or representative sampling.","observation_id":"4295eae3-3042-4967-8df7-9bb33dc15461","scientific_name":"Thalassodendron ciliatum","scientific_status":"direct_observation"},"type":"Feature"},{"geometry":{"coordinates":[-2.172513,49.718927],"type":"Point"},"id":"42cb6b26-43a3-4451-a655-128c7ddbafcb","properties":{"basis_of_record":"HumanObservation","coordinate_uncertainty_m":3,"country":"Guernsey","event_date":"2024-04-10","evidence_url":"https://seagrassspotter.org/sighting/8355","limitations":"Photo-associated occurrence; not meadow extent, absence evidence, condition, permanence, or representative sampling.","observation_id":"42cb6b26-43a3-4451-a655-128c7ddbafcb","scientific_name":"Zostera marina","scientific_status":"direct_observation"},"type":"Feature"},{"geometry":{"coordinates":[13.458459,54.575032],"type":"Point"},"id":"43b13378-5064-4460-8fbe-c4f35c64f577","properties":{"basis_of_record":"HumanObservation","coordinate_uncertainty_m":100,"country":"Germany","event_date":"2025-09-12","evidence_url":"https://seagrassspotter.org/sighting/10933","limitations":"Photo-associated occurrence; not meadow extent, absence evidence, condition, permanence, or representative sampling.","observation_id":"43b13378-5064-4460-8fbe-c4f35c64f577","scientific_name":"Zostera marina","scientific_status":"direct_observation"},"type":"Feature"},{"geometry":{"coordinates":[38.1852,23.991219],"type":"Point"},"id":"4495aeb7-bed1-4fff-89d8-3c12d0f34f0e","properties":{"basis_of_record":"HumanObservation","coordinate_uncertainty_m":800,"country":"Saudi Arabia","event_date":"2022-10-27","evidence_url":"https://seagrassspotter.org/sighting/5958","limitations":"Photo-associated occurrence; not meadow extent, absence evidence, condition, permanence, or representative sampling.","observation_id":"4495aeb7-bed1-4fff-89d8-3c12d0f34f0e","scientific_name":"Halophila stipulacea","scientific_status":"direct_observation"},"type":"Feature"},{"geometry":{"coordinates":[117.918155,6.505082],"type":"Point"},"id":"4552b433-bfaa-45b1-88f2-12991323e752","properties":{"basis_of_record":"HumanObservation","coordinate_uncertainty_m":1,"country":"Malaysia","event_date":"2025-12-09","evidence_url":"https://seagrassspotter.org/sighting/10977","limitations":"Photo-associated occurrence; not meadow extent, absence evidence, condition, permanence, or representative sampling.","observation_id":"4552b433-bfaa-45b1-88f2-12991323e752","scientific_name":"Halodule uninervis","scientific_status":"direct_observation"},"type":"Feature"},{"geometry":{"coordinates":[25.852439,36.816628],"type":"Point"},"id":"4564013b-a460-4466-946d-f32772999bbf","properties":{"basis_of_record":"HumanObservation","coordinate_uncertainty_m":1,"country":"Greece","event_date":"2022-09-16","evidence_url":"https://seagrassspotter.org/sighting/8810","limitations":"Photo-associated occurrence; not meadow extent, absence evidence, condition, permanence, or representative sampling.","observation_id":"4564013b-a460-4466-946d-f32772999bbf","scientific_name":"Posidonia oceanica","scientific_status":"direct_observation"},"type":"Feature"},{"geometry":{"coordinates":[-10.370232,52.126485],"type":"Point"},"id":"460a6d4f-08d9-400e-ad9a-2747cd281c1c","properties":{"basis_of_record":"HumanObservation","coordinate_uncertainty_m":3,"country":"Ireland","event_date":"2022-04-28","evidence_url":"https://seagrassspotter.org/sighting/6176","limitations":"Photo-associated occurrence; not meadow extent, absence evidence, condition, permanence, or representative sampling.","observation_id":"460a6d4f-08d9-400e-ad9a-2747cd281c1c","scientific_name":"Zostera marina","scientific_status":"direct_observation"},"type":"Feature"},{"geometry":{"coordinates":[124.119415,11.332938],"type":"Point"},"id":"4617f77a-487a-4c2d-bf25-080b15fb4f2c","properties":{"basis_of_record":"HumanObservation","coordinate_uncertainty_m":100,"country":"Philippines","event_date":"2023-05-05","evidence_url":"https://seagrassspotter.org/sighting/6987","limitations":"Photo-associated occurrence; not meadow extent, absence evidence, condition, permanence, or representative sampling.","observation_id":"4617f77a-487a-4c2d-bf25-080b15fb4f2c","scientific_name":"Halodule uninervis","scientific_status":"direct_observation"},"type":"Feature"},{"geometry":{"coordinates":[9.60257,41.078853],"type":"Point"},"id":"46a6ac68-c0e9-4dbf-b81c-191c63ee8b9c","properties":{"basis_of_record":"HumanObservation","coordinate_uncertainty_m":28,"country":"Italy","event_date":"2022-07-29","evidence_url":"https://seagrassspotter.org/sighting/5120","limitations":"Photo-associated occurrence; not meadow extent, absence evidence, condition, permanence, or representative sampling.","observation_id":"46a6ac68-c0e9-4dbf-b81c-191c63ee8b9c","scientific_name":"Posidonia oceanica","scientific_status":"direct_observation"},"type":"Feature"},{"geometry":{"coordinates":[118.781407,10.087661],"type":"Point"},"id":"477ada40-7d2a-4826-b87e-962772211dcc","properties":{"basis_of_record":"HumanObservation","coordinate_uncertainty_m":100,"country":"Philippines","event_date":"2022-09-10","evidence_url":"https://seagrassspotter.org/sighting/5529","limitations":"Photo-associated occurrence; not meadow extent, absence evidence, condition, permanence, or representative sampling.","observation_id":"477ada40-7d2a-4826-b87e-962772211dcc","scientific_name":"Halodule uninervis","scientific_status":"direct_observation"},"type":"Feature"},{"geometry":{"coordinates":[-3.112018,59.005162],"type":"Point"},"id":"489ba42a-c33e-4752-9453-941c64b04011","properties":{"basis_of_record":"HumanObservation","coordinate_uncertainty_m":50,"country":"United Kingdom","event_date":"2025-07-27","evidence_url":"https://seagrassspotter.org/sighting/9742","limitations":"Photo-associated occurrence; not meadow extent, absence evidence, condition, permanence, or representative sampling.","observation_id":"489ba42a-c33e-4752-9453-941c64b04011","scientific_name":"Zostera marina","scientific_status":"direct_observation"},"type":"Feature"},{"geometry":{"coordinates":[119.369524,10.3388],"type":"Point"},"id":"49950c10-9d6a-4f24-8498-3d051584e4d6","properties":{"basis_of_record":"HumanObservation","coordinate_uncertainty_m":100,"country":"Philippines","event_date":"2022-10-11","evidence_url":"https://seagrassspotter.org/sighting/5868","limitations":"Photo-associated occurrence; not meadow extent, absence evidence, condition, permanence, or representative sampling.","observation_id":"49950c10-9d6a-4f24-8498-3d051584e4d6","scientific_name":"Enhalus acoroides","scientific_status":"direct_observation"},"type":"Feature"},{"geometry":{"coordinates":[-4.161252,51.641231],"type":"Point"},"id":"49aee5ef-1a2e-4509-bcfd-efb372b213b6","properties":{"basis_of_record":"HumanObservation","coordinate_uncertainty_m":7,"country":"United Kingdom","event_date":"2025-09-13","evidence_url":"https://seagrassspotter.org/sighting/10318","limitations":"Photo-associated occurrence; not meadow extent, absence evidence, condition, permanence, or representative sampling.","observation_id":"49aee5ef-1a2e-4509-bcfd-efb372b213b6","scientific_name":"Zostera noltii","scientific_status":"direct_observation"},"type":"Feature"},{"geometry":{"coordinates":[99.30634,7.37831],"type":"Point"},"id":"4a472b60-2368-4533-99b0-b9c0c2d9130c","properties":{"basis_of_record":"HumanObservation","coordinate_uncertainty_m":1,"country":"Thailand","event_date":"2022-11-12","evidence_url":"https://seagrassspotter.org/sighting/6037","limitations":"Photo-associated occurrence; not meadow extent, absence evidence, condition, permanence, or representative sampling.","observation_id":"4a472b60-2368-4533-99b0-b9c0c2d9130c","scientific_name":"Halophila ovalis","scientific_status":"direct_observation"},"type":"Feature"},{"geometry":{"coordinates":[3.154535,42.394134],"type":"Point"},"id":"4a4cc0bf-dd2e-46c4-8240-99a6ad4cb17a","properties":{"basis_of_record":"HumanObservation","coordinate_uncertainty_m":300,"country":"Spain","event_date":"2021-07-30","evidence_url":"https://seagrassspotter.org/sighting/4017","limitations":"Photo-associated occurrence; not meadow extent, absence evidence, condition, permanence, or representative sampling.","observation_id":"4a4cc0bf-dd2e-46c4-8240-99a6ad4cb17a","scientific_name":"Posidonia oceanica","scientific_status":"direct_observation"},"type":"Feature"},{"geometry":{"coordinates":[124.97635,1.734501],"type":"Point"},"id":"4a7338c0-c5d3-4b2b-8f70-d9c59aa015b9","properties":{"basis_of_record":"HumanObservation","coordinate_uncertainty_m":100,"country":"Indonesia","event_date":"2022-07-29","evidence_url":"https://seagrassspotter.org/sighting/5320","limitations":"Photo-associated occurrence; not meadow extent, absence evidence, condition, permanence, or representative sampling.","observation_id":"4a7338c0-c5d3-4b2b-8f70-d9c59aa015b9","scientific_name":"Halophila ovalis","scientific_status":"direct_observation"},"type":"Feature"},{"geometry":{"coordinates":[-4.576586,53.32056],"type":"Point"},"id":"4ad7f940-35d1-4106-8153-2876f2eb84bc","properties":{"basis_of_record":"HumanObservation","coordinate_uncertainty_m":5,"country":"United Kingdom","event_date":"2025-10-08","evidence_url":"https://seagrassspotter.org/sighting/10475","limitations":"Photo-associated occurrence; not meadow extent, absence evidence, condition, permanence, or representative sampling.","observation_id":"4ad7f940-35d1-4106-8153-2876f2eb84bc","scientific_name":"Zostera marina","scientific_status":"direct_observation"},"type":"Feature"},{"geometry":{"coordinates":[-85.326159,29.694567],"type":"Point"},"id":"4c633d83-eaf5-45a3-ac90-d4bc18f2fcbe","properties":{"basis_of_record":"HumanObservation","coordinate_uncertainty_m":100,"country":"United States","event_date":"2021-07-08","evidence_url":"https://seagrassspotter.org/sighting/10363","limitations":"Photo-associated occurrence; not meadow extent, absence evidence, condition, permanence, or representative sampling.","observation_id":"4c633d83-eaf5-45a3-ac90-d4bc18f2fcbe","scientific_name":"Thalassia testudinum","scientific_status":"direct_observation"},"type":"Feature"},{"geometry":{"coordinates":[-69.953181,41.807254],"type":"Point"},"id":"4c771933-c49c-428f-a7ef-e09aa6de3558","properties":{"basis_of_record":"HumanObservation","coordinate_uncertainty_m":1000,"country":"United States","event_date":"2021-06-30","evidence_url":"https://seagrassspotter.org/sighting/3916","limitations":"Photo-associated occurrence; not meadow extent, absence evidence, condition, permanence, or representative sampling.","observation_id":"4c771933-c49c-428f-a7ef-e09aa6de3558","scientific_name":"Zostera marina","scientific_status":"direct_observation"},"type":"Feature"},{"geometry":{"coordinates":[73.492001,3.946366],"type":"Point"},"id":"4cbe8e31-2bc4-4ff3-9d27-09c455acc934","properties":{"basis_of_record":"HumanObservation","coordinate_uncertainty_m":1000,"country":"Maldives","event_date":"2022-08-06","evidence_url":"https://seagrassspotter.org/sighting/5131","limitations":"Photo-associated occurrence; not meadow extent, absence evidence, condition, permanence, or representative sampling.","observation_id":"4cbe8e31-2bc4-4ff3-9d27-09c455acc934","scientific_name":"Cymodocea rotundata","scientific_status":"direct_observation"},"type":"Feature"},{"geometry":{"coordinates":[4.299008,39.841004],"type":"Point"},"id":"4d6bdfa4-b47d-4e2a-bc67-a372eead47de","properties":{"basis_of_record":"HumanObservation","coordinate_uncertainty_m":2,"country":"Spain","event_date":"2024-09-08","evidence_url":"https://seagrassspotter.org/sighting/8552","limitations":"Photo-associated occurrence; not meadow extent, absence evidence, condition, permanence, or representative sampling.","observation_id":"4d6bdfa4-b47d-4e2a-bc67-a372eead47de","scientific_name":"Posidonia oceanica","scientific_status":"direct_observation"},"type":"Feature"},{"geometry":{"coordinates":[116.028367,-8.728325],"type":"Point"},"id":"4dbba525-fcad-424b-805d-8cb2f9de5d61","properties":{"basis_of_record":"HumanObservation","coordinate_uncertainty_m":500,"country":"Indonesia","event_date":"2025-04-16","evidence_url":"https://seagrassspotter.org/sighting/9224","limitations":"Photo-associated occurrence; not meadow extent, absence evidence, condition, permanence, or representative sampling.","observation_id":"4dbba525-fcad-424b-805d-8cb2f9de5d61","scientific_name":"Enhalus acoroides","scientific_status":"direct_observation"},"type":"Feature"},{"geometry":{"coordinates":[128.935945,35.079888],"type":"Point"},"id":"4ded8096-3a88-4df3-802b-d3ffbb8fdf75","properties":{"basis_of_record":"HumanObservation","coordinate_uncertainty_m":1000,"country":"South Korea","event_date":"2023-08-29","evidence_url":"https://seagrassspotter.org/sighting/7365","limitations":"Photo-associated occurrence; not meadow extent, absence evidence, condition, permanence, or representative sampling.","observation_id":"4ded8096-3a88-4df3-802b-d3ffbb8fdf75","scientific_name":"Zostera japonica","scientific_status":"direct_observation"},"type":"Feature"},{"geometry":{"coordinates":[-34.811538,-7.613503],"type":"Point"},"id":"4e322551-eac1-4810-bb70-25dc39496388","properties":{"basis_of_record":"HumanObservation","coordinate_uncertainty_m":1000,"country":"Brazil","event_date":"2023-04-06","evidence_url":"https://seagrassspotter.org/sighting/6724","limitations":"Photo-associated occurrence; not meadow extent, absence evidence, condition, permanence, or representative sampling.","observation_id":"4e322551-eac1-4810-bb70-25dc39496388","scientific_name":"Halodule wrightii","scientific_status":"direct_observation"},"type":"Feature"},{"geometry":{"coordinates":[-1.824709,48.869447],"type":"Point"},"id":"4f50c4e9-2661-42f7-ae21-02ec75fc2e96","properties":{"basis_of_record":"HumanObservation","coordinate_uncertainty_m":500,"country":"France","event_date":"2024-07-25","evidence_url":"https://seagrassspotter.org/sighting/8383","limitations":"Photo-associated occurrence; not meadow extent, absence evidence, condition, permanence, or representative sampling.","observation_id":"4f50c4e9-2661-42f7-ae21-02ec75fc2e96","scientific_name":"Zostera marina","scientific_status":"direct_observation"},"type":"Feature"},{"geometry":{"coordinates":[125.022628,1.722485],"type":"Point"},"id":"501d5865-6b09-483d-b314-60fb9d5da23d","properties":{"basis_of_record":"HumanObservation","coordinate_uncertainty_m":100,"country":"Indonesia","event_date":"2022-07-26","evidence_url":"https://seagrassspotter.org/sighting/5197","limitations":"Photo-associated occurrence; not meadow extent, absence evidence, condition, permanence, or representative sampling.","observation_id":"501d5865-6b09-483d-b314-60fb9d5da23d","scientific_name":"Enhalus acoroides","scientific_status":"direct_observation"},"type":"Feature"},{"geometry":{"coordinates":[-6.459833,57.360717],"type":"Point"},"id":"5069285a-1760-470e-b638-c646e45cfd46","properties":{"basis_of_record":"HumanObservation","coordinate_uncertainty_m":500,"country":"United Kingdom","event_date":"2024-05-20","evidence_url":"https://seagrassspotter.org/sighting/8147","limitations":"Photo-associated occurrence; not meadow extent, absence evidence, condition, permanence, or representative sampling.","observation_id":"5069285a-1760-470e-b638-c646e45cfd46","scientific_name":"Zostera marina","scientific_status":"direct_observation"},"type":"Feature"},{"geometry":{"coordinates":[-38.912575,-13.584036],"type":"Point"},"id":"50d718fb-d0ed-4de6-bbcb-73876310e259","properties":{"basis_of_record":"HumanObservation","coordinate_uncertainty_m":200,"country":"Brazil","event_date":"2024-12-16","evidence_url":"https://seagrassspotter.org/sighting/8825","limitations":"Photo-associated occurrence; not meadow extent, absence evidence, condition, permanence, or representative sampling.","observation_id":"50d718fb-d0ed-4de6-bbcb-73876310e259","scientific_name":"Halodule wrightii","scientific_status":"direct_observation"},"type":"Feature"},{"geometry":{"coordinates":[-76.012248,35.090999],"type":"Point"},"id":"50e85234-9610-4d3e-9067-228238c97b38","properties":{"basis_of_record":"HumanObservation","coordinate_uncertainty_m":100,"country":"United States","event_date":"2025-05-06","evidence_url":"https://seagrassspotter.org/sighting/9314","limitations":"Photo-associated occurrence; not meadow extent, absence evidence, condition, permanence, or representative sampling.","observation_id":"50e85234-9610-4d3e-9067-228238c97b38","scientific_name":"Zostera marina","scientific_status":"direct_observation"},"type":"Feature"},{"geometry":{"coordinates":[-2.868595,56.011553],"type":"Point"},"id":"521670ee-a9f2-4f25-ac16-7f62ca8b65a7","properties":{"basis_of_record":"HumanObservation","coordinate_uncertainty_m":16,"country":"United Kingdom","event_date":"2023-05-25","evidence_url":"https://seagrassspotter.org/sighting/6955","limitations":"Photo-associated occurrence; not meadow extent, absence evidence, condition, permanence, or representative sampling.","observation_id":"521670ee-a9f2-4f25-ac16-7f62ca8b65a7","scientific_name":"Zostera noltii","scientific_status":"direct_observation"},"type":"Feature"},{"geometry":{"coordinates":[-64.514049,44.143631],"type":"Point"},"id":"524bd6e6-9793-450d-99c4-7e72bf38f1ba","properties":{"basis_of_record":"HumanObservation","coordinate_uncertainty_m":1000,"country":"Canada","event_date":"2022-06-09","evidence_url":"https://seagrassspotter.org/sighting/4920","limitations":"Photo-associated occurrence; not meadow extent, absence evidence, condition, permanence, or representative sampling.","observation_id":"524bd6e6-9793-450d-99c4-7e72bf38f1ba","scientific_name":"Zostera marina","scientific_status":"direct_observation"},"type":"Feature"},{"geometry":{"coordinates":[40.918929,-2.303465],"type":"Point"},"id":"524ff495-b6b4-4651-8066-f6ab36182350","properties":{"basis_of_record":"HumanObservation","coordinate_uncertainty_m":50,"country":"Kenya","event_date":"2023-02-12","evidence_url":"https://seagrassspotter.org/sighting/6256","limitations":"Photo-associated occurrence; not meadow extent, absence evidence, condition, permanence, or representative sampling.","observation_id":"524ff495-b6b4-4651-8066-f6ab36182350","scientific_name":"Cymodocea rotundata","scientific_status":"direct_observation"},"type":"Feature"},{"geometry":{"coordinates":[99.30703,7.37692],"type":"Point"},"id":"5286eefe-a8c3-4e03-b685-2c5f84136054","properties":{"basis_of_record":"HumanObservation","coordinate_uncertainty_m":1,"country":"Thailand","event_date":"2022-11-12","evidence_url":"https://seagrassspotter.org/sighting/5993","limitations":"Photo-associated occurrence; not meadow extent, absence evidence, condition, permanence, or representative sampling.","observation_id":"5286eefe-a8c3-4e03-b685-2c5f84136054","scientific_name":"Enhalus acoroides","scientific_status":"direct_observation"},"type":"Feature"},{"geometry":{"coordinates":[11.939852,54.163805],"type":"Point"},"id":"5340ccac-2dc0-4626-8606-d13cb42415d7","properties":{"basis_of_record":"HumanObservation","coordinate_uncertainty_m":50,"country":"Germany","event_date":"2024-10-05","evidence_url":"https://seagrassspotter.org/sighting/8656","limitations":"Photo-associated occurrence; not meadow extent, absence evidence, condition, permanence, or representative sampling.","observation_id":"5340ccac-2dc0-4626-8606-d13cb42415d7","scientific_name":"Zostera marina","scientific_status":"direct_observation"},"type":"Feature"},{"geometry":{"coordinates":[16.104331,37.963591],"type":"Point"},"id":"539cfb6a-404f-4175-95ab-b0f74b4b1340","properties":{"basis_of_record":"HumanObservation","coordinate_uncertainty_m":1000,"country":"Italy","event_date":"2022-06-03","evidence_url":"https://seagrassspotter.org/sighting/5747","limitations":"Photo-associated occurrence; not meadow extent, absence evidence, condition, permanence, or representative sampling.","observation_id":"539cfb6a-404f-4175-95ab-b0f74b4b1340","scientific_name":"Posidonia oceanica","scientific_status":"direct_observation"},"type":"Feature"},{"geometry":{"coordinates":[33.944733,26.767863],"type":"Point"},"id":"545d2b18-f87c-40c1-bd1c-066c73d6eefa","properties":{"basis_of_record":"HumanObservation","coordinate_uncertainty_m":50,"country":"Egypt","event_date":"2023-12-03","evidence_url":"https://seagrassspotter.org/sighting/8886","limitations":"Photo-associated occurrence; not meadow extent, absence evidence, condition, permanence, or representative sampling.","observation_id":"545d2b18-f87c-40c1-bd1c-066c73d6eefa","scientific_name":"Halophila ovalis","scientific_status":"direct_observation"},"type":"Feature"},{"geometry":{"coordinates":[14.329604,36.00912],"type":"Point"},"id":"5531c6ae-1847-4bf2-b4ec-d6d622dce68c","properties":{"basis_of_record":"HumanObservation","coordinate_uncertainty_m":50,"country":"Malta","event_date":"2021-07-28","evidence_url":"https://seagrassspotter.org/sighting/4774","limitations":"Photo-associated occurrence; not meadow extent, absence evidence, condition, permanence, or representative sampling.","observation_id":"5531c6ae-1847-4bf2-b4ec-d6d622dce68c","scientific_name":"Posidonia oceanica","scientific_status":"direct_observation"},"type":"Feature"},{"geometry":{"coordinates":[-1.279815,54.751406],"type":"Point"},"id":"55c4e45b-360c-41f1-ba56-408c6cac1e9e","properties":{"basis_of_record":"HumanObservation","coordinate_uncertainty_m":1000,"country":"United Kingdom","event_date":"2021-08-16","evidence_url":"https://seagrassspotter.org/sighting/4021","limitations":"Photo-associated occurrence; not meadow extent, absence evidence, condition, permanence, or representative sampling.","observation_id":"55c4e45b-360c-41f1-ba56-408c6cac1e9e","scientific_name":"Ruppia maritima","scientific_status":"direct_observation"},"type":"Feature"},{"geometry":{"coordinates":[-61.077047,13.804397],"type":"Point"},"id":"5776b034-5213-40dd-a177-473fb903bfd5","properties":{"basis_of_record":"HumanObservation","coordinate_uncertainty_m":4,"country":"Saint Lucia","event_date":"2025-04-26","evidence_url":"https://seagrassspotter.org/sighting/9292","limitations":"Photo-associated occurrence; not meadow extent, absence evidence, condition, permanence, or representative sampling.","observation_id":"5776b034-5213-40dd-a177-473fb903bfd5","scientific_name":"Halophila decipiens","scientific_status":"direct_observation"},"type":"Feature"},{"geometry":{"coordinates":[26.113783,38.543788],"type":"Point"},"id":"57c97787-22cb-45e2-8d10-0e5ece466242","properties":{"basis_of_record":"HumanObservation","coordinate_uncertainty_m":1,"country":"Greece","event_date":"2024-06-12","evidence_url":"https://seagrassspotter.org/sighting/8246","limitations":"Photo-associated occurrence; not meadow extent, absence evidence, condition, permanence, or representative sampling.","observation_id":"57c97787-22cb-45e2-8d10-0e5ece466242","scientific_name":"Posidonia oceanica","scientific_status":"direct_observation"},"type":"Feature"},{"geometry":{"coordinates":[-3.592742,57.647259],"type":"Point"},"id":"57ef73ea-4cb5-497d-b931-93dee671669f","properties":{"basis_of_record":"HumanObservation","coordinate_uncertainty_m":10,"country":"United Kingdom","event_date":"2024-04-28","evidence_url":"https://seagrassspotter.org/sighting/8061","limitations":"Photo-associated occurrence; not meadow extent, absence evidence, condition, permanence, or representative sampling.","observation_id":"57ef73ea-4cb5-497d-b931-93dee671669f","scientific_name":"Zostera noltii","scientific_status":"direct_observation"},"type":"Feature"},{"geometry":{"coordinates":[99.30783,7.37782],"type":"Point"},"id":"59266dd2-18f2-4f82-85b5-636028a8a6f6","properties":{"basis_of_record":"HumanObservation","coordinate_uncertainty_m":1,"country":"Thailand","event_date":"2022-11-12","evidence_url":"https://seagrassspotter.org/sighting/6100","limitations":"Photo-associated occurrence; not meadow extent, absence evidence, condition, permanence, or representative sampling.","observation_id":"59266dd2-18f2-4f82-85b5-636028a8a6f6","scientific_name":"Oceana serrulata","scientific_status":"direct_observation"},"type":"Feature"},{"geometry":{"coordinates":[124.97635,1.734501],"type":"Point"},"id":"5966a698-067a-40ad-9c36-7ef5c331b440","properties":{"basis_of_record":"HumanObservation","coordinate_uncertainty_m":200,"country":"Indonesia","event_date":"2022-07-29","evidence_url":"https://seagrassspotter.org/sighting/5273","limitations":"Photo-associated occurrence; not meadow extent, absence evidence, condition, permanence, or representative sampling.","observation_id":"5966a698-067a-40ad-9c36-7ef5c331b440","scientific_name":"Halophila ovalis","scientific_status":"direct_observation"},"type":"Feature"},{"geometry":{"coordinates":[-16.504764,28.054188],"type":"Point"},"id":"5ad05d72-d4ac-48b2-9e9f-ee046f7506a0","properties":{"basis_of_record":"HumanObservation","coordinate_uncertainty_m":6,"country":"Spain","event_date":"2024-04-01","evidence_url":"https://seagrassspotter.org/sighting/7992","limitations":"Photo-associated occurrence; not meadow extent, absence evidence, condition, permanence, or representative sampling.","observation_id":"5ad05d72-d4ac-48b2-9e9f-ee046f7506a0","scientific_name":"Zostera noltii","scientific_status":"direct_observation"},"type":"Feature"},{"geometry":{"coordinates":[125.684319,11.041599],"type":"Point"},"id":"5b6c1322-ce47-45e7-a464-71794e7b45ab","properties":{"basis_of_record":"HumanObservation","coordinate_uncertainty_m":1,"country":"Philippines","event_date":"2024-10-08","evidence_url":"https://seagrassspotter.org/sighting/8778","limitations":"Photo-associated occurrence; not meadow extent, absence evidence, condition, permanence, or representative sampling.","observation_id":"5b6c1322-ce47-45e7-a464-71794e7b45ab","scientific_name":"Enhalus acoroides","scientific_status":"direct_observation"},"type":"Feature"},{"geometry":{"coordinates":[130.888393,-12.330176],"type":"Point"},"id":"5b73b1a1-653b-4e39-b6f6-19be21421579","properties":{"basis_of_record":"HumanObservation","coordinate_uncertainty_m":1000,"country":"Australia","event_date":"2023-10-01","evidence_url":"https://seagrassspotter.org/sighting/7524","limitations":"Photo-associated occurrence; not meadow extent, absence evidence, condition, permanence, or representative sampling.","observation_id":"5b73b1a1-653b-4e39-b6f6-19be21421579","scientific_name":"Halophila decipiens","scientific_status":"direct_observation"},"type":"Feature"},{"geometry":{"coordinates":[149.538253,-22.120873],"type":"Point"},"id":"5bde0180-dccd-4f03-944d-22d1cec21b24","properties":{"basis_of_record":"HumanObservation","coordinate_uncertainty_m":4,"country":"Australia","event_date":"2022-05-11","evidence_url":"https://seagrassspotter.org/sighting/4578","limitations":"Photo-associated occurrence; not meadow extent, absence evidence, condition, permanence, or representative sampling.","observation_id":"5bde0180-dccd-4f03-944d-22d1cec21b24","scientific_name":"Halodule uninervis","scientific_status":"direct_observation"},"type":"Feature"},{"geometry":{"coordinates":[172.743822,-40.520803],"type":"Point"},"id":"5ce94615-cd72-4084-afdf-effb2d3d2147","properties":{"basis_of_record":"HumanObservation","coordinate_uncertainty_m":5,"country":"New Zealand","event_date":"2023-12-03","evidence_url":"https://seagrassspotter.org/sighting/7764","limitations":"Photo-associated occurrence; not meadow extent, absence evidence, condition, permanence, or representative sampling.","observation_id":"5ce94615-cd72-4084-afdf-effb2d3d2147","scientific_name":"Zostera muelleri","scientific_status":"direct_observation"},"type":"Feature"},{"geometry":{"coordinates":[-61.673386,16.33383],"type":"Point"},"id":"5d59a3d9-0504-4e2e-8eab-28450e1e42c1","properties":{"basis_of_record":"HumanObservation","coordinate_uncertainty_m":100,"country":"Guadeloupe","event_date":"2025-05-04","evidence_url":"https://seagrassspotter.org/sighting/10429","limitations":"Photo-associated occurrence; not meadow extent, absence evidence, condition, permanence, or representative sampling.","observation_id":"5d59a3d9-0504-4e2e-8eab-28450e1e42c1","scientific_name":"Thalassia testudinum","scientific_status":"direct_observation"},"type":"Feature"},{"geometry":{"coordinates":[3.936949,39.93602],"type":"Point"},"id":"5e0aaff6-f64c-4d41-bbb0-bec651f816e1","properties":{"basis_of_record":"HumanObservation","coordinate_uncertainty_m":1,"country":"Spain","event_date":"2024-09-11","evidence_url":"https://seagrassspotter.org/sighting/8553","limitations":"Photo-associated occurrence; not meadow extent, absence evidence, condition, permanence, or representative sampling.","observation_id":"5e0aaff6-f64c-4d41-bbb0-bec651f816e1","scientific_name":"Posidonia oceanica","scientific_status":"direct_observation"},"type":"Feature"},{"geometry":{"coordinates":[9.74088,54.976606],"type":"Point"},"id":"5f540223-7690-436f-8663-920487305818","properties":{"basis_of_record":"HumanObservation","coordinate_uncertainty_m":100,"country":"Denmark","event_date":"2024-07-27","evidence_url":"https://seagrassspotter.org/sighting/8386","limitations":"Photo-associated occurrence; not meadow extent, absence evidence, condition, permanence, or representative sampling.","observation_id":"5f540223-7690-436f-8663-920487305818","scientific_name":"Zostera marina","scientific_status":"direct_observation"},"type":"Feature"},{"geometry":{"coordinates":[-5.70265,54.545853],"type":"Point"},"id":"5f59ae0e-ac57-4b6d-ad3a-f2ed9021415d","properties":{"basis_of_record":"HumanObservation","coordinate_uncertainty_m":500,"country":"United Kingdom","event_date":"2025-07-23","evidence_url":"https://seagrassspotter.org/sighting/9705","limitations":"Photo-associated occurrence; not meadow extent, absence evidence, condition, permanence, or representative sampling.","observation_id":"5f59ae0e-ac57-4b6d-ad3a-f2ed9021415d","scientific_name":"Zostera noltii","scientific_status":"direct_observation"},"type":"Feature"},{"geometry":{"coordinates":[4.04373,40.055319],"type":"Point"},"id":"5f9c3377-9dce-4ff0-8b48-827f9335c3df","properties":{"basis_of_record":"HumanObservation","coordinate_uncertainty_m":2,"country":"Spain","event_date":"2024-09-06","evidence_url":"https://seagrassspotter.org/sighting/8549","limitations":"Photo-associated occurrence; not meadow extent, absence evidence, condition, permanence, or representative sampling.","observation_id":"5f9c3377-9dce-4ff0-8b48-827f9335c3df","scientific_name":"Posidonia oceanica","scientific_status":"direct_observation"},"type":"Feature"},{"geometry":{"coordinates":[108.753985,-7.693693],"type":"Point"},"id":"5fbdfb50-fdca-4f62-8c4e-fb9432e2851c","properties":{"basis_of_record":"HumanObservation","coordinate_uncertainty_m":100,"country":"Indonesia","event_date":"2023-10-30","evidence_url":"https://seagrassspotter.org/sighting/7738","limitations":"Photo-associated occurrence; not meadow extent, absence evidence, condition, permanence, or representative sampling.","observation_id":"5fbdfb50-fdca-4f62-8c4e-fb9432e2851c","scientific_name":"Thalassia hemprichii","scientific_status":"direct_observation"},"type":"Feature"},{"geometry":{"coordinates":[37.007326,25.420702],"type":"Point"},"id":"5ff71811-09ca-4d85-9133-aa9e2dfe8a82","properties":{"basis_of_record":"HumanObservation","coordinate_uncertainty_m":10,"country":"Saudi Arabia","event_date":"2025-10-20","evidence_url":"https://seagrassspotter.org/sighting/10908","limitations":"Photo-associated occurrence; not meadow extent, absence evidence, condition, permanence, or representative sampling.","observation_id":"5ff71811-09ca-4d85-9133-aa9e2dfe8a82","scientific_name":"Halodule uninervis","scientific_status":"direct_observation"},"type":"Feature"},{"geometry":{"coordinates":[166.919892,-45.424931],"type":"Point"},"id":"60a5a51c-69ee-4f5c-9fa9-1ba4338009f3","properties":{"basis_of_record":"HumanObservation","coordinate_uncertainty_m":200,"country":"New Zealand","event_date":"2024-02-08","evidence_url":"https://seagrassspotter.org/sighting/8027","limitations":"Photo-associated occurrence; not meadow extent, absence evidence, condition, permanence, or representative sampling.","observation_id":"60a5a51c-69ee-4f5c-9fa9-1ba4338009f3","scientific_name":"Zostera muelleri","scientific_status":"direct_observation"},"type":"Feature"},{"geometry":{"coordinates":[11.253088,34.830296],"type":"Point"},"id":"61058ab2-4fd7-4e2d-9290-0f9eb51abd18","properties":{"basis_of_record":"HumanObservation","coordinate_uncertainty_m":3,"country":"Tunisia","event_date":"2024-08-06","evidence_url":"https://seagrassspotter.org/sighting/8920","limitations":"Photo-associated occurrence; not meadow extent, absence evidence, condition, permanence, or representative sampling.","observation_id":"61058ab2-4fd7-4e2d-9290-0f9eb51abd18","scientific_name":"Cymodocea nodosa","scientific_status":"direct_observation"},"type":"Feature"},{"geometry":{"coordinates":[51.153556,26.095531],"type":"Point"},"id":"61184917-069e-4302-8c7a-5c00d2c8feb9","properties":{"basis_of_record":"HumanObservation","coordinate_uncertainty_m":5,"country":"Qatar","event_date":"2023-09-10","evidence_url":"https://seagrassspotter.org/sighting/9315","limitations":"Photo-associated occurrence; not meadow extent, absence evidence, condition, permanence, or representative sampling.","observation_id":"61184917-069e-4302-8c7a-5c00d2c8feb9","scientific_name":"Halodule uninervis","scientific_status":"direct_observation"},"type":"Feature"},{"geometry":{"coordinates":[119.39363,10.254078],"type":"Point"},"id":"61250f56-8985-4791-8f18-9d8c42fac895","properties":{"basis_of_record":"HumanObservation","coordinate_uncertainty_m":200,"country":"Philippines","event_date":"2023-01-17","evidence_url":"https://seagrassspotter.org/sighting/6313","limitations":"Photo-associated occurrence; not meadow extent, absence evidence, condition, permanence, or representative sampling.","observation_id":"61250f56-8985-4791-8f18-9d8c42fac895","scientific_name":"Halophila ovalis","scientific_status":"direct_observation"},"type":"Feature"},{"geometry":{"coordinates":[10.997972,58.897984],"type":"Point"},"id":"61df0924-c9fb-4bce-8b14-61d7905683f2","properties":{"basis_of_record":"HumanObservation","coordinate_uncertainty_m":10,"country":"Sweden","event_date":"2021-07-15","evidence_url":"https://seagrassspotter.org/sighting/4984","limitations":"Photo-associated occurrence; not meadow extent, absence evidence, condition, permanence, or representative sampling.","observation_id":"61df0924-c9fb-4bce-8b14-61d7905683f2","scientific_name":"Zostera marina","scientific_status":"direct_observation"},"type":"Feature"},{"geometry":{"coordinates":[-86.87146,20.854782],"type":"Point"},"id":"62750beb-06b7-4526-af78-604d108a4f00","properties":{"basis_of_record":"HumanObservation","coordinate_uncertainty_m":5,"country":"Mexico","event_date":"2024-04-21","evidence_url":"https://seagrassspotter.org/sighting/7995","limitations":"Photo-associated occurrence; not meadow extent, absence evidence, condition, permanence, or representative sampling.","observation_id":"62750beb-06b7-4526-af78-604d108a4f00","scientific_name":"Halodule wrightii","scientific_status":"direct_observation"},"type":"Feature"},{"geometry":{"coordinates":[-4.576435,53.320616],"type":"Point"},"id":"629ea9ac-be01-4883-b93d-2bdc39611fca","properties":{"basis_of_record":"HumanObservation","coordinate_uncertainty_m":2,"country":"United Kingdom","event_date":"2025-10-08","evidence_url":"https://seagrassspotter.org/sighting/10540","limitations":"Photo-associated occurrence; not meadow extent, absence evidence, condition, permanence, or representative sampling.","observation_id":"629ea9ac-be01-4883-b93d-2bdc39611fca","scientific_name":"Zostera marina","scientific_status":"direct_observation"},"type":"Feature"},{"geometry":{"coordinates":[6.276525,62.429852],"type":"Point"},"id":"62acf28b-5bfc-4c91-a546-40f685c8200f","properties":{"basis_of_record":"HumanObservation","coordinate_uncertainty_m":1000,"country":"Norway","event_date":"2023-07-31","evidence_url":"https://seagrassspotter.org/sighting/7314","limitations":"Photo-associated occurrence; not meadow extent, absence evidence, condition, permanence, or representative sampling.","observation_id":"62acf28b-5bfc-4c91-a546-40f685c8200f","scientific_name":"Zostera marina","scientific_status":"direct_observation"},"type":"Feature"},{"geometry":{"coordinates":[-71.001605,-27.689873],"type":"Point"},"id":"632f4e4c-10da-4e4f-be85-8195396f4677","properties":{"basis_of_record":"HumanObservation","coordinate_uncertainty_m":100,"country":"Chile","event_date":"2022-01-19","evidence_url":"https://seagrassspotter.org/sighting/8340","limitations":"Photo-associated occurrence; not meadow extent, absence evidence, condition, permanence, or representative sampling.","observation_id":"632f4e4c-10da-4e4f-be85-8195396f4677","scientific_name":"Zostera nigricaulis","scientific_status":"direct_observation"},"type":"Feature"},{"geometry":{"coordinates":[-4.584715,53.287636],"type":"Point"},"id":"6512942f-9508-4c12-96d5-98152313d4dd","properties":{"basis_of_record":"HumanObservation","coordinate_uncertainty_m":2900,"country":"United Kingdom","event_date":"2022-08-17","evidence_url":"https://seagrassspotter.org/sighting/5412","limitations":"Photo-associated occurrence; not meadow extent, absence evidence, condition, permanence, or representative sampling.","observation_id":"6512942f-9508-4c12-96d5-98152313d4dd","scientific_name":"Zostera noltii","scientific_status":"direct_observation"},"type":"Feature"},{"geometry":{"coordinates":[3.140246,41.848458],"type":"Point"},"id":"65c8bf9a-95b5-4aab-a7d6-0ad0743cc2ea","properties":{"basis_of_record":"HumanObservation","coordinate_uncertainty_m":1000,"country":"Spain","event_date":"2021-08-19","evidence_url":"https://seagrassspotter.org/sighting/4029","limitations":"Photo-associated occurrence; not meadow extent, absence evidence, condition, permanence, or representative sampling.","observation_id":"65c8bf9a-95b5-4aab-a7d6-0ad0743cc2ea","scientific_name":"Posidonia oceanica","scientific_status":"direct_observation"},"type":"Feature"},{"geometry":{"coordinates":[15.06998,44.136167],"type":"Point"},"id":"65d248ad-b24a-4bae-b0fe-5bdf383ed105","properties":{"basis_of_record":"HumanObservation","coordinate_uncertainty_m":20,"country":"Croatia","event_date":"2025-07-06","evidence_url":"https://seagrassspotter.org/sighting/9576","limitations":"Photo-associated occurrence; not meadow extent, absence evidence, condition, permanence, or representative sampling.","observation_id":"65d248ad-b24a-4bae-b0fe-5bdf383ed105","scientific_name":"Posidonia oceanica","scientific_status":"direct_observation"},"type":"Feature"},{"geometry":{"coordinates":[-4.577019,53.320512],"type":"Point"},"id":"669d4c26-100c-4a2f-9f6d-64f44f23c8ad","properties":{"basis_of_record":"HumanObservation","coordinate_uncertainty_m":7,"country":"United Kingdom","event_date":"2025-10-08","evidence_url":"https://seagrassspotter.org/sighting/10510","limitations":"Photo-associated occurrence; not meadow extent, absence evidence, condition, permanence, or representative sampling.","observation_id":"669d4c26-100c-4a2f-9f6d-64f44f23c8ad","scientific_name":"Zostera marina","scientific_status":"direct_observation"},"type":"Feature"},{"geometry":{"coordinates":[122.053139,11.734053],"type":"Point"},"id":"670b0343-74c2-4906-b238-5656ec68a0fa","properties":{"basis_of_record":"HumanObservation","coordinate_uncertainty_m":500,"country":"Philippines","event_date":"2023-10-27","evidence_url":"https://seagrassspotter.org/sighting/7797","limitations":"Photo-associated occurrence; not meadow extent, absence evidence, condition, permanence, or representative sampling.","observation_id":"670b0343-74c2-4906-b238-5656ec68a0fa","scientific_name":"Thalassia testudinum","scientific_status":"direct_observation"},"type":"Feature"},{"geometry":{"coordinates":[148.079063,-42.123784],"type":"Point"},"id":"6772a870-fd5c-4976-8830-f96084d38f83","properties":{"basis_of_record":"HumanObservation","coordinate_uncertainty_m":5,"country":"Australia","event_date":"2025-02-04","evidence_url":"https://seagrassspotter.org/sighting/8927","limitations":"Photo-associated occurrence; not meadow extent, absence evidence, condition, permanence, or representative sampling.","observation_id":"6772a870-fd5c-4976-8830-f96084d38f83","scientific_name":"Zostera nigricaulis","scientific_status":"direct_observation"},"type":"Feature"},{"geometry":{"coordinates":[-3.089665,51.206951],"type":"Point"},"id":"67eb250f-3ad5-4b3e-aafc-091c6b8e335e","properties":{"basis_of_record":"HumanObservation","coordinate_uncertainty_m":4,"country":"United Kingdom","event_date":"2024-05-23","evidence_url":"https://seagrassspotter.org/sighting/8174","limitations":"Photo-associated occurrence; not meadow extent, absence evidence, condition, permanence, or representative sampling.","observation_id":"67eb250f-3ad5-4b3e-aafc-091c6b8e335e","scientific_name":"Zostera marina","scientific_status":"direct_observation"},"type":"Feature"},{"geometry":{"coordinates":[167.402928,-16.085405],"type":"Point"},"id":"695c0ff9-4146-46a0-95f8-acfb605d00c9","properties":{"basis_of_record":"HumanObservation","coordinate_uncertainty_m":1000,"country":"Vanuatu","event_date":"2023-05-25","evidence_url":"https://seagrassspotter.org/sighting/6984","limitations":"Photo-associated occurrence; not meadow extent, absence evidence, condition, permanence, or representative sampling.","observation_id":"695c0ff9-4146-46a0-95f8-acfb605d00c9","scientific_name":"Cymodocea rotundata","scientific_status":"direct_observation"},"type":"Feature"},{"geometry":{"coordinates":[-8.442943,51.693744],"type":"Point"},"id":"69ea411e-7972-4893-9803-d21b65a859c8","properties":{"basis_of_record":"HumanObservation","coordinate_uncertainty_m":12,"country":"Ireland","event_date":"2022-09-17","evidence_url":"https://seagrassspotter.org/sighting/6170","limitations":"Photo-associated occurrence; not meadow extent, absence evidence, condition, permanence, or representative sampling.","observation_id":"69ea411e-7972-4893-9803-d21b65a859c8","scientific_name":"Zostera marina","scientific_status":"direct_observation"},"type":"Feature"},{"geometry":{"coordinates":[-85.548252,30.081],"type":"Point"},"id":"6a4fa308-29fa-4762-bf76-132bdba5faf9","properties":{"basis_of_record":"HumanObservation","coordinate_uncertainty_m":1,"country":"United States","event_date":"2022-07-26","evidence_url":"https://seagrassspotter.org/sighting/8267","limitations":"Photo-associated occurrence; not meadow extent, absence evidence, condition, permanence, or representative sampling.","observation_id":"6a4fa308-29fa-4762-bf76-132bdba5faf9","scientific_name":"Thalassia testudinum","scientific_status":"direct_observation"},"type":"Feature"},{"geometry":{"coordinates":[116.895025,23.541591],"type":"Point"},"id":"6b85c410-7ce0-4982-9927-509b0007d0ff","properties":{"basis_of_record":"HumanObservation","coordinate_uncertainty_m":50,"country":"China","event_date":"2025-08-04","evidence_url":"https://seagrassspotter.org/sighting/10978","limitations":"Photo-associated occurrence; not meadow extent, absence evidence, condition, permanence, or representative sampling.","observation_id":"6b85c410-7ce0-4982-9927-509b0007d0ff","scientific_name":"Halophila ovalis","scientific_status":"direct_observation"},"type":"Feature"},{"geometry":{"coordinates":[81.582344,7.921315],"type":"Point"},"id":"6be7bcef-ecfb-482f-b646-0e1d849e697b","properties":{"basis_of_record":"HumanObservation","coordinate_uncertainty_m":1000,"country":"Sri Lanka","event_date":"2022-02-26","evidence_url":"https://seagrassspotter.org/sighting/6138","limitations":"Photo-associated occurrence; not meadow extent, absence evidence, condition, permanence, or representative sampling.","observation_id":"6be7bcef-ecfb-482f-b646-0e1d849e697b","scientific_name":"Thalassia hemprichii","scientific_status":"direct_observation"},"type":"Feature"},{"geometry":{"coordinates":[168.137464,-46.906127],"type":"Point"},"id":"6bebe5e4-482a-4b9f-a98c-8b9fff63d8f4","properties":{"basis_of_record":"HumanObservation","coordinate_uncertainty_m":5,"country":"New Zealand","event_date":"2025-08-15","evidence_url":"https://seagrassspotter.org/sighting/10161","limitations":"Photo-associated occurrence; not meadow extent, absence evidence, condition, permanence, or representative sampling.","observation_id":"6bebe5e4-482a-4b9f-a98c-8b9fff63d8f4","scientific_name":"Zostera muelleri","scientific_status":"direct_observation"},"type":"Feature"},{"geometry":{"coordinates":[-10.021503,51.772273],"type":"Point"},"id":"6cae65b3-9d5c-49ed-8cd6-18d80c3721c1","properties":{"basis_of_record":"HumanObservation","coordinate_uncertainty_m":2,"country":"Ireland","event_date":"2025-06-27","evidence_url":"https://seagrassspotter.org/sighting/9535","limitations":"Photo-associated occurrence; not meadow extent, absence evidence, condition, permanence, or representative sampling.","observation_id":"6cae65b3-9d5c-49ed-8cd6-18d80c3721c1","scientific_name":"Zostera marina","scientific_status":"direct_observation"},"type":"Feature"},{"geometry":{"coordinates":[17.659465,58.819895],"type":"Point"},"id":"6d734854-37dd-49d2-aca2-94cf6b40a48d","properties":{"basis_of_record":"HumanObservation","coordinate_uncertainty_m":1000,"country":"Sweden","event_date":"2023-08-30","evidence_url":"https://seagrassspotter.org/sighting/8891","limitations":"Photo-associated occurrence; not meadow extent, absence evidence, condition, permanence, or representative sampling.","observation_id":"6d734854-37dd-49d2-aca2-94cf6b40a48d","scientific_name":"Zostera marina","scientific_status":"direct_observation"},"type":"Feature"},{"geometry":{"coordinates":[-80.165943,25.814175],"type":"Point"},"id":"6d922db4-a797-4d4e-8a4b-dbc7009f57f5","properties":{"basis_of_record":"HumanObservation","coordinate_uncertainty_m":1,"country":"United States","event_date":"2025-05-08","evidence_url":"https://seagrassspotter.org/sighting/10864","limitations":"Photo-associated occurrence; not meadow extent, absence evidence, condition, permanence, or representative sampling.","observation_id":"6d922db4-a797-4d4e-8a4b-dbc7009f57f5","scientific_name":"Halophila stipulacea","scientific_status":"direct_observation"},"type":"Feature"},{"geometry":{"coordinates":[-77.319796,25.087218],"type":"Point"},"id":"6d9dbd1e-94a0-4d86-9b2a-836d779645ff","properties":{"basis_of_record":"HumanObservation","coordinate_uncertainty_m":5,"country":"The Bahamas","event_date":"2023-11-11","evidence_url":"https://seagrassspotter.org/sighting/9334","limitations":"Photo-associated occurrence; not meadow extent, absence evidence, condition, permanence, or representative sampling.","observation_id":"6d9dbd1e-94a0-4d86-9b2a-836d779645ff","scientific_name":"Thalassia testudinum","scientific_status":"direct_observation"},"type":"Feature"},{"geometry":{"coordinates":[123.60088,-10.046639],"type":"Point"},"id":"6dcaabfb-be7d-4411-b7aa-304323f0a109","properties":{"basis_of_record":"HumanObservation","coordinate_uncertainty_m":25,"country":"Indonesia","event_date":"2024-05-05","evidence_url":"https://seagrassspotter.org/sighting/8468","limitations":"Photo-associated occurrence; not meadow extent, absence evidence, condition, permanence, or representative sampling.","observation_id":"6dcaabfb-be7d-4411-b7aa-304323f0a109","scientific_name":"Cymodocea rotundata","scientific_status":"direct_observation"},"type":"Feature"},{"geometry":{"coordinates":[123.891664,10.904209],"type":"Point"},"id":"6f0347f3-8be1-4d61-ba0d-cc5c0acf7cc1","properties":{"basis_of_record":"HumanObservation","coordinate_uncertainty_m":8,"country":"Philippines","event_date":"2024-01-29","evidence_url":"https://seagrassspotter.org/sighting/7865","limitations":"Photo-associated occurrence; not meadow extent, absence evidence, condition, permanence, or representative sampling.","observation_id":"6f0347f3-8be1-4d61-ba0d-cc5c0acf7cc1","scientific_name":"Halophila minor","scientific_status":"direct_observation"},"type":"Feature"},{"geometry":{"coordinates":[-9.083509,53.257112],"type":"Point"},"id":"6f2f0dea-f4e9-4db1-a36b-200dd3edf0b0","properties":{"basis_of_record":"HumanObservation","coordinate_uncertainty_m":1000,"country":"Ireland","event_date":"2023-10-06","evidence_url":"https://seagrassspotter.org/sighting/7547","limitations":"Photo-associated occurrence; not meadow extent, absence evidence, condition, permanence, or representative sampling.","observation_id":"6f2f0dea-f4e9-4db1-a36b-200dd3edf0b0","scientific_name":"Zostera noltii","scientific_status":"direct_observation"},"type":"Feature"},{"geometry":{"coordinates":[48.154935,-13.316515],"type":"Point"},"id":"6f5af587-1d18-4b6a-a0d5-854559683767","properties":{"basis_of_record":"HumanObservation","coordinate_uncertainty_m":200,"country":"Madagascar","event_date":"2024-10-26","evidence_url":"https://seagrassspotter.org/sighting/8699","limitations":"Photo-associated occurrence; not meadow extent, absence evidence, condition, permanence, or representative sampling.","observation_id":"6f5af587-1d18-4b6a-a0d5-854559683767","scientific_name":"Halophila ovalis","scientific_status":"direct_observation"},"type":"Feature"},{"geometry":{"coordinates":[99.30761,7.37797],"type":"Point"},"id":"6f798e3b-3d86-4992-ab0a-37ced0031a93","properties":{"basis_of_record":"HumanObservation","coordinate_uncertainty_m":1,"country":"Thailand","event_date":"2022-11-12","evidence_url":"https://seagrassspotter.org/sighting/6093","limitations":"Photo-associated occurrence; not meadow extent, absence evidence, condition, permanence, or representative sampling.","observation_id":"6f798e3b-3d86-4992-ab0a-37ced0031a93","scientific_name":"Halophila ovalis","scientific_status":"direct_observation"},"type":"Feature"},{"geometry":{"coordinates":[125.70391,-8.52694],"type":"Point"},"id":"6f7cd440-0db1-49ea-b2dc-e29dac999273","properties":{"basis_of_record":"HumanObservation","coordinate_uncertainty_m":1,"country":"Timor-Leste","event_date":"2022-12-01","evidence_url":"https://seagrassspotter.org/sighting/6205","limitations":"Photo-associated occurrence; not meadow extent, absence evidence, condition, permanence, or representative sampling.","observation_id":"6f7cd440-0db1-49ea-b2dc-e29dac999273","scientific_name":"Enhalus acoroides","scientific_status":"direct_observation"},"type":"Feature"},{"geometry":{"coordinates":[57.632249,-19.99126],"type":"Point"},"id":"6f8b519c-39a0-4ab4-8848-f787846e4c53","properties":{"basis_of_record":"HumanObservation","coordinate_uncertainty_m":100,"country":"Mauritius","event_date":"2022-02-27","evidence_url":"https://seagrassspotter.org/sighting/4397","limitations":"Photo-associated occurrence; not meadow extent, absence evidence, condition, permanence, or representative sampling.","observation_id":"6f8b519c-39a0-4ab4-8848-f787846e4c53","scientific_name":"Syringodium isoetifolium","scientific_status":"direct_observation"},"type":"Feature"},{"geometry":{"coordinates":[-6.932286,58.216427],"type":"Point"},"id":"6fce5595-7235-425b-9750-309b20a97167","properties":{"basis_of_record":"HumanObservation","coordinate_uncertainty_m":1,"country":"United Kingdom","event_date":"2025-09-10","evidence_url":"https://seagrassspotter.org/sighting/10311","limitations":"Photo-associated occurrence; not meadow extent, absence evidence, condition, permanence, or representative sampling.","observation_id":"6fce5595-7235-425b-9750-309b20a97167","scientific_name":"Zostera marina","scientific_status":"direct_observation"},"type":"Feature"},{"geometry":{"coordinates":[1.452796,39.089073],"type":"Point"},"id":"6fd37a24-c03a-48e0-a1b9-dc6dd6ddcd0b","properties":{"basis_of_record":"HumanObservation","coordinate_uncertainty_m":50,"country":"Spain","event_date":"2023-09-24","evidence_url":"https://seagrassspotter.org/sighting/7518","limitations":"Photo-associated occurrence; not meadow extent, absence evidence, condition, permanence, or representative sampling.","observation_id":"6fd37a24-c03a-48e0-a1b9-dc6dd6ddcd0b","scientific_name":"Posidonia oceanica","scientific_status":"direct_observation"},"type":"Feature"},{"geometry":{"coordinates":[-94.072079,16.103508],"type":"Point"},"id":"704626c7-a83a-4bcc-b64b-49a89a2859b2","properties":{"basis_of_record":"HumanObservation","coordinate_uncertainty_m":1,"country":"Mexico","event_date":"2024-06-07","evidence_url":"https://seagrassspotter.org/sighting/9012","limitations":"Photo-associated occurrence; not meadow extent, absence evidence, condition, permanence, or representative sampling.","observation_id":"704626c7-a83a-4bcc-b64b-49a89a2859b2","scientific_name":"Halodule wrightii","scientific_status":"direct_observation"},"type":"Feature"},{"geometry":{"coordinates":[-7.046268,58.187769],"type":"Point"},"id":"71e0d4ca-dc1d-4ed0-8878-74e4d833f103","properties":{"basis_of_record":"HumanObservation","coordinate_uncertainty_m":100,"country":"United Kingdom","event_date":"2025-09-23","evidence_url":"https://seagrassspotter.org/sighting/10421","limitations":"Photo-associated occurrence; not meadow extent, absence evidence, condition, permanence, or representative sampling.","observation_id":"71e0d4ca-dc1d-4ed0-8878-74e4d833f103","scientific_name":"Zostera marina","scientific_status":"direct_observation"},"type":"Feature"},{"geometry":{"coordinates":[22.352838,59.909771],"type":"Point"},"id":"7274e1ce-b2f5-4f27-be42-4ce984062c9c","properties":{"basis_of_record":"HumanObservation","coordinate_uncertainty_m":50,"country":"Finland","event_date":"2025-07-11","evidence_url":"https://seagrassspotter.org/sighting/9600","limitations":"Photo-associated occurrence; not meadow extent, absence evidence, condition, permanence, or representative sampling.","observation_id":"7274e1ce-b2f5-4f27-be42-4ce984062c9c","scientific_name":"Zostera marina","scientific_status":"direct_observation"},"type":"Feature"},{"geometry":{"coordinates":[27.034406,37.706032],"type":"Point"},"id":"7276081c-3f03-4252-be31-7bd8c6e80e9f","properties":{"basis_of_record":"HumanObservation","coordinate_uncertainty_m":9,"country":"Greece","event_date":"2024-10-03","evidence_url":"https://seagrassspotter.org/sighting/8659","limitations":"Photo-associated occurrence; not meadow extent, absence evidence, condition, permanence, or representative sampling.","observation_id":"7276081c-3f03-4252-be31-7bd8c6e80e9f","scientific_name":"Posidonia oceanica","scientific_status":"direct_observation"},"type":"Feature"},{"geometry":{"coordinates":[-60.916256,14.0865],"type":"Point"},"id":"735bd28c-36d5-46d4-bb8c-238cb9d98e58","properties":{"basis_of_record":"HumanObservation","coordinate_uncertainty_m":4,"country":"Saint Lucia","event_date":"2025-04-23","evidence_url":"https://seagrassspotter.org/sighting/9287","limitations":"Photo-associated occurrence; not meadow extent, absence evidence, condition, permanence, or representative sampling.","observation_id":"735bd28c-36d5-46d4-bb8c-238cb9d98e58","scientific_name":"Syringodium isoetifolium","scientific_status":"direct_observation"},"type":"Feature"},{"geometry":{"coordinates":[118.82455,10.09888],"type":"Point"},"id":"7387ff9c-908f-4454-b0d9-4c82f6bd5e44","properties":{"basis_of_record":"HumanObservation","coordinate_uncertainty_m":1,"country":"Philippines","event_date":"2022-09-06","evidence_url":"https://seagrassspotter.org/sighting/5510","limitations":"Photo-associated occurrence; not meadow extent, absence evidence, condition, permanence, or representative sampling.","observation_id":"7387ff9c-908f-4454-b0d9-4c82f6bd5e44","scientific_name":"Halophila ovalis","scientific_status":"direct_observation"},"type":"Feature"},{"geometry":{"coordinates":[103.8337,2.47383],"type":"Point"},"id":"7390b165-9a5b-43cc-897b-2564454805d3","properties":{"basis_of_record":"HumanObservation","coordinate_uncertainty_m":1,"country":"Malaysia","event_date":"2022-07-18","evidence_url":"https://seagrassspotter.org/sighting/5047","limitations":"Photo-associated occurrence; not meadow extent, absence evidence, condition, permanence, or representative sampling.","observation_id":"7390b165-9a5b-43cc-897b-2564454805d3","scientific_name":"Cymodocea rotundata","scientific_status":"direct_observation"},"type":"Feature"},{"geometry":{"coordinates":[-118.120703,33.750849],"type":"Point"},"id":"74bc5e0e-d599-434c-b425-e18d26e99558","properties":{"basis_of_record":"HumanObservation","coordinate_uncertainty_m":92,"country":"United States","event_date":"2022-12-22","evidence_url":"https://seagrassspotter.org/sighting/6147","limitations":"Photo-associated occurrence; not meadow extent, absence evidence, condition, permanence, or representative sampling.","observation_id":"74bc5e0e-d599-434c-b425-e18d26e99558","scientific_name":"Zostera marina","scientific_status":"direct_observation"},"type":"Feature"},{"geometry":{"coordinates":[-7.494167,56.933708],"type":"Point"},"id":"75e8e5e8-a4c0-4e93-9049-114688d14b9c","properties":{"basis_of_record":"HumanObservation","coordinate_uncertainty_m":500,"country":"United Kingdom","event_date":"2025-07-20","evidence_url":"https://seagrassspotter.org/sighting/9740","limitations":"Photo-associated occurrence; not meadow extent, absence evidence, condition, permanence, or representative sampling.","observation_id":"75e8e5e8-a4c0-4e93-9049-114688d14b9c","scientific_name":"Zostera marina","scientific_status":"direct_observation"},"type":"Feature"},{"geometry":{"coordinates":[10.406357,43.406412],"type":"Point"},"id":"7615aef6-032a-4467-94cc-84cdbbe92627","properties":{"basis_of_record":"HumanObservation","coordinate_uncertainty_m":100,"country":"Italy","event_date":"2025-05-11","evidence_url":"https://seagrassspotter.org/sighting/9327","limitations":"Photo-associated occurrence; not meadow extent, absence evidence, condition, permanence, or representative sampling.","observation_id":"7615aef6-032a-4467-94cc-84cdbbe92627","scientific_name":"Posidonia oceanica","scientific_status":"direct_observation"},"type":"Feature"},{"geometry":{"coordinates":[125.71034,-8.52121],"type":"Point"},"id":"7658f22e-2569-49c6-8713-ed9dcc2c0f4a","properties":{"basis_of_record":"HumanObservation","coordinate_uncertainty_m":1,"country":"Timor-Leste","event_date":"2022-12-01","evidence_url":"https://seagrassspotter.org/sighting/6219","limitations":"Photo-associated occurrence; not meadow extent, absence evidence, condition, permanence, or representative sampling.","observation_id":"7658f22e-2569-49c6-8713-ed9dcc2c0f4a","scientific_name":"Thalassia hemprichii","scientific_status":"direct_observation"},"type":"Feature"},{"geometry":{"coordinates":[-2.795466,58.921279],"type":"Point"},"id":"76a1217c-51d3-4f0e-abd9-06693fbe7651","properties":{"basis_of_record":"HumanObservation","coordinate_uncertainty_m":25,"country":"United Kingdom","event_date":"2025-07-28","evidence_url":"https://seagrassspotter.org/sighting/10870","limitations":"Photo-associated occurrence; not meadow extent, absence evidence, condition, permanence, or representative sampling.","observation_id":"76a1217c-51d3-4f0e-abd9-06693fbe7651","scientific_name":"Zostera marina","scientific_status":"direct_observation"},"type":"Feature"},{"geometry":{"coordinates":[125.506355,-8.553782],"type":"Point"},"id":"76d36f4d-3096-42cc-b938-8f2efa1fcf8d","properties":{"basis_of_record":"HumanObservation","coordinate_uncertainty_m":200,"country":"Timor-Leste","event_date":"2023-03-05","evidence_url":"https://seagrassspotter.org/sighting/6533","limitations":"Photo-associated occurrence; not meadow extent, absence evidence, condition, permanence, or representative sampling.","observation_id":"76d36f4d-3096-42cc-b938-8f2efa1fcf8d","scientific_name":"Halodule pinifolia","scientific_status":"direct_observation"},"type":"Feature"},{"geometry":{"coordinates":[9.497776,39.125008],"type":"Point"},"id":"7708a2e8-76e4-41f9-95f2-e45295d0c92f","properties":{"basis_of_record":"HumanObservation","coordinate_uncertainty_m":500,"country":"Italy","event_date":"2024-10-30","evidence_url":"https://seagrassspotter.org/sighting/8796","limitations":"Photo-associated occurrence; not meadow extent, absence evidence, condition, permanence, or representative sampling.","observation_id":"7708a2e8-76e4-41f9-95f2-e45295d0c92f","scientific_name":"Posidonia oceanica","scientific_status":"direct_observation"},"type":"Feature"},{"geometry":{"coordinates":[166.635673,-13.330086],"type":"Point"},"id":"774237a6-d224-4380-a1a0-4ae52e8633d8","properties":{"basis_of_record":"HumanObservation","coordinate_uncertainty_m":1000,"country":"Vanuatu","event_date":"2023-09-26","evidence_url":"https://seagrassspotter.org/sighting/7519","limitations":"Photo-associated occurrence; not meadow extent, absence evidence, condition, permanence, or representative sampling.","observation_id":"774237a6-d224-4380-a1a0-4ae52e8633d8","scientific_name":"Thalassia hemprichii","scientific_status":"direct_observation"},"type":"Feature"},{"geometry":{"coordinates":[80.525438,5.935249],"type":"Point"},"id":"7779b96e-41e9-4d98-a30c-2b3436294692","properties":{"basis_of_record":"HumanObservation","coordinate_uncertainty_m":250,"country":"Sri Lanka","event_date":"2022-03-07","evidence_url":"https://seagrassspotter.org/sighting/6136","limitations":"Photo-associated occurrence; not meadow extent, absence evidence, condition, permanence, or representative sampling.","observation_id":"7779b96e-41e9-4d98-a30c-2b3436294692","scientific_name":"Halodule pinifolia","scientific_status":"direct_observation"},"type":"Feature"},{"geometry":{"coordinates":[3.89876,51.542859],"type":"Point"},"id":"792c70bc-6905-4ea8-b451-82c915a1b2ed","properties":{"basis_of_record":"HumanObservation","coordinate_uncertainty_m":1000,"country":"Netherlands","event_date":"2023-06-17","evidence_url":"https://seagrassspotter.org/sighting/7174","limitations":"Photo-associated occurrence; not meadow extent, absence evidence, condition, permanence, or representative sampling.","observation_id":"792c70bc-6905-4ea8-b451-82c915a1b2ed","scientific_name":"Zostera noltii","scientific_status":"direct_observation"},"type":"Feature"},{"geometry":{"coordinates":[-2.599463,59.229683],"type":"Point"},"id":"79846901-3f04-461e-95cd-2af068bce009","properties":{"basis_of_record":"HumanObservation","coordinate_uncertainty_m":5,"country":"United Kingdom","event_date":"2024-05-30","evidence_url":"https://seagrassspotter.org/sighting/8376","limitations":"Photo-associated occurrence; not meadow extent, absence evidence, condition, permanence, or representative sampling.","observation_id":"79846901-3f04-461e-95cd-2af068bce009","scientific_name":"Zostera marina","scientific_status":"direct_observation"},"type":"Feature"},{"geometry":{"coordinates":[99.458167,7.269567],"type":"Point"},"id":"79ba25b7-e180-48c3-be07-351fb7f7a2ab","properties":{"basis_of_record":"HumanObservation","coordinate_uncertainty_m":1000,"country":"Thailand","event_date":"2023-05-06","evidence_url":"https://seagrassspotter.org/sighting/7037","limitations":"Photo-associated occurrence; not meadow extent, absence evidence, condition, permanence, or representative sampling.","observation_id":"79ba25b7-e180-48c3-be07-351fb7f7a2ab","scientific_name":"Enhalus acoroides","scientific_status":"direct_observation"},"type":"Feature"},{"geometry":{"coordinates":[20.983528,37.706732],"type":"Point"},"id":"7a46f0fa-774c-462d-ac17-56b3ccc1d33b","properties":{"basis_of_record":"HumanObservation","coordinate_uncertainty_m":5,"country":"Greece","event_date":"2025-06-09","evidence_url":"https://seagrassspotter.org/sighting/9523","limitations":"Photo-associated occurrence; not meadow extent, absence evidence, condition, permanence, or representative sampling.","observation_id":"7a46f0fa-774c-462d-ac17-56b3ccc1d33b","scientific_name":"Posidonia oceanica","scientific_status":"direct_observation"},"type":"Feature"},{"geometry":{"coordinates":[-4.17982,51.677908],"type":"Point"},"id":"7a54d2c3-dad4-451b-92bc-e13180c6c964","properties":{"basis_of_record":"HumanObservation","coordinate_uncertainty_m":4,"country":"United Kingdom","event_date":"2025-06-04","evidence_url":"https://seagrassspotter.org/sighting/9457","limitations":"Photo-associated occurrence; not meadow extent, absence evidence, condition, permanence, or representative sampling.","observation_id":"7a54d2c3-dad4-451b-92bc-e13180c6c964","scientific_name":"Zostera noltii","scientific_status":"direct_observation"},"type":"Feature"},{"geometry":{"coordinates":[-3.195525,54.089758],"type":"Point"},"id":"7a5f98a0-e5ed-4bcc-88ff-d2d2dd533afc","properties":{"basis_of_record":"HumanObservation","coordinate_uncertainty_m":5,"country":"United Kingdom","event_date":"2022-03-29","evidence_url":"https://seagrassspotter.org/sighting/4466","limitations":"Photo-associated occurrence; not meadow extent, absence evidence, condition, permanence, or representative sampling.","observation_id":"7a5f98a0-e5ed-4bcc-88ff-d2d2dd533afc","scientific_name":"Zostera noltii","scientific_status":"direct_observation"},"type":"Feature"},{"geometry":{"coordinates":[124.97635,1.734501],"type":"Point"},"id":"7a80adba-7e37-4e51-a826-3bc6ef629339","properties":{"basis_of_record":"HumanObservation","coordinate_uncertainty_m":200,"country":"Indonesia","event_date":"2022-07-29","evidence_url":"https://seagrassspotter.org/sighting/5306","limitations":"Photo-associated occurrence; not meadow extent, absence evidence, condition, permanence, or representative sampling.","observation_id":"7a80adba-7e37-4e51-a826-3bc6ef629339","scientific_name":"Thalassia hemprichii","scientific_status":"direct_observation"},"type":"Feature"},{"geometry":{"coordinates":[177.387197,-16.912113],"type":"Point"},"id":"7aba9a9d-44af-451a-a2f6-72f80baa21b3","properties":{"basis_of_record":"HumanObservation","coordinate_uncertainty_m":20,"country":"Fiji","event_date":"2025-05-22","evidence_url":"https://seagrassspotter.org/sighting/9365","limitations":"Photo-associated occurrence; not meadow extent, absence evidence, condition, permanence, or representative sampling.","observation_id":"7aba9a9d-44af-451a-a2f6-72f80baa21b3","scientific_name":"Syringodium isoetifolium","scientific_status":"direct_observation"},"type":"Feature"},{"geometry":{"coordinates":[124.97769,1.739158],"type":"Point"},"id":"7aec8784-0d69-49a5-9f04-0452e8f90aa9","properties":{"basis_of_record":"HumanObservation","coordinate_uncertainty_m":100,"country":"Indonesia","event_date":"2025-01-21","evidence_url":"https://seagrassspotter.org/sighting/8901","limitations":"Photo-associated occurrence; not meadow extent, absence evidence, condition, permanence, or representative sampling.","observation_id":"7aec8784-0d69-49a5-9f04-0452e8f90aa9","scientific_name":"Enhalus acoroides","scientific_status":"direct_observation"},"type":"Feature"},{"geometry":{"coordinates":[-122.957602,48.097914],"type":"Point"},"id":"7d9f3db2-ebb4-4dac-a279-574cdc15932a","properties":{"basis_of_record":"HumanObservation","coordinate_uncertainty_m":1000,"country":"United States","event_date":"2022-07-15","evidence_url":"https://seagrassspotter.org/sighting/4991","limitations":"Photo-associated occurrence; not meadow extent, absence evidence, condition, permanence, or representative sampling.","observation_id":"7d9f3db2-ebb4-4dac-a279-574cdc15932a","scientific_name":"Phyllospadix torreyi","scientific_status":"direct_observation"},"type":"Feature"},{"geometry":{"coordinates":[-4.22246,53.184688],"type":"Point"},"id":"7dd3d29a-d3f2-495f-b8ee-c6028bbd20ec","properties":{"basis_of_record":"HumanObservation","coordinate_uncertainty_m":5,"country":"United Kingdom","event_date":"2025-08-05","evidence_url":"https://seagrassspotter.org/sighting/9796","limitations":"Photo-associated occurrence; not meadow extent, absence evidence, condition, permanence, or representative sampling.","observation_id":"7dd3d29a-d3f2-495f-b8ee-c6028bbd20ec","scientific_name":"Zostera noltii","scientific_status":"direct_observation"},"type":"Feature"},{"geometry":{"coordinates":[119.327164,-5.051953],"type":"Point"},"id":"7efc52b7-c79e-471a-afb2-1876b7e564e9","properties":{"basis_of_record":"HumanObservation","coordinate_uncertainty_m":5,"country":"Indonesia","event_date":"2025-07-11","evidence_url":"https://seagrassspotter.org/sighting/9639","limitations":"Photo-associated occurrence; not meadow extent, absence evidence, condition, permanence, or representative sampling.","observation_id":"7efc52b7-c79e-471a-afb2-1876b7e564e9","scientific_name":"Thalassia hemprichii","scientific_status":"direct_observation"},"type":"Feature"},{"geometry":{"coordinates":[119.369524,10.3388],"type":"Point"},"id":"80a71dee-124c-4f59-ad27-7fab61e908b4","properties":{"basis_of_record":"HumanObservation","coordinate_uncertainty_m":100,"country":"Philippines","event_date":"2022-10-11","evidence_url":"https://seagrassspotter.org/sighting/5862","limitations":"Photo-associated occurrence; not meadow extent, absence evidence, condition, permanence, or representative sampling.","observation_id":"80a71dee-124c-4f59-ad27-7fab61e908b4","scientific_name":"Halophila ovalis","scientific_status":"direct_observation"},"type":"Feature"},{"geometry":{"coordinates":[168.403325,-17.52673],"type":"Point"},"id":"82a9c37e-96a0-4899-9d89-cbd91dfd8250","properties":{"basis_of_record":"HumanObservation","coordinate_uncertainty_m":5,"country":"Vanuatu","event_date":"2025-07-03","evidence_url":"https://seagrassspotter.org/sighting/9671","limitations":"Photo-associated occurrence; not meadow extent, absence evidence, condition, permanence, or representative sampling.","observation_id":"82a9c37e-96a0-4899-9d89-cbd91dfd8250","scientific_name":"Halophila ovalis","scientific_status":"direct_observation"},"type":"Feature"},{"geometry":{"coordinates":[79.017151,9.733417],"type":"Point"},"id":"835d90c6-3632-456b-a91e-934544858c0d","properties":{"basis_of_record":"HumanObservation","coordinate_uncertainty_m":10,"country":"India","event_date":"2025-03-20","evidence_url":"https://seagrassspotter.org/sighting/9023","limitations":"Photo-associated occurrence; not meadow extent, absence evidence, condition, permanence, or representative sampling.","observation_id":"835d90c6-3632-456b-a91e-934544858c0d","scientific_name":"Syringodium isoetifolium","scientific_status":"direct_observation"},"type":"Feature"},{"geometry":{"coordinates":[-87.023755,20.377008],"type":"Point"},"id":"837d846d-b5f1-4745-ad5f-e52726ef4f4c","properties":{"basis_of_record":"HumanObservation","coordinate_uncertainty_m":3,"country":"Mexico","event_date":"2025-01-16","evidence_url":"https://seagrassspotter.org/sighting/8897","limitations":"Photo-associated occurrence; not meadow extent, absence evidence, condition, permanence, or representative sampling.","observation_id":"837d846d-b5f1-4745-ad5f-e52726ef4f4c","scientific_name":"Thalassia testudinum","scientific_status":"direct_observation"},"type":"Feature"},{"geometry":{"coordinates":[34.10361,26.426721],"type":"Point"},"id":"83924ea8-96b3-4016-b825-032f3f318415","properties":{"basis_of_record":"HumanObservation","coordinate_uncertainty_m":20,"country":"Egypt","event_date":"2025-07-08","evidence_url":"https://seagrassspotter.org/sighting/9575","limitations":"Photo-associated occurrence; not meadow extent, absence evidence, condition, permanence, or representative sampling.","observation_id":"83924ea8-96b3-4016-b825-032f3f318415","scientific_name":"Thalassia hemprichii","scientific_status":"direct_observation"},"type":"Feature"},{"geometry":{"coordinates":[120.147418,-19.862125],"type":"Point"},"id":"83ab26c5-b491-47a8-8c9a-4ebf7f41da89","properties":{"basis_of_record":"HumanObservation","coordinate_uncertainty_m":5,"country":"Australia","event_date":"2025-08-12","evidence_url":"https://seagrassspotter.org/sighting/10417","limitations":"Photo-associated occurrence; not meadow extent, absence evidence, condition, permanence, or representative sampling.","observation_id":"83ab26c5-b491-47a8-8c9a-4ebf7f41da89","scientific_name":"Halophila spinulosa","scientific_status":"direct_observation"},"type":"Feature"},{"geometry":{"coordinates":[147.254388,-42.807879],"type":"Point"},"id":"83f72b92-45f5-446e-9c0c-90314ff1f288","properties":{"basis_of_record":"HumanObservation","coordinate_uncertainty_m":1000,"country":"Australia","event_date":"2022-02-09","evidence_url":"https://seagrassspotter.org/sighting/6966","limitations":"Photo-associated occurrence; not meadow extent, absence evidence, condition, permanence, or representative sampling.","observation_id":"83f72b92-45f5-446e-9c0c-90314ff1f288","scientific_name":"Zostera muelleri","scientific_status":"direct_observation"},"type":"Feature"},{"geometry":{"coordinates":[119.38339,10.24883],"type":"Point"},"id":"83fc34df-8129-485e-9898-747546d9909c","properties":{"basis_of_record":"HumanObservation","coordinate_uncertainty_m":100,"country":"Philippines","event_date":"2022-10-15","evidence_url":"https://seagrassspotter.org/sighting/5895","limitations":"Photo-associated occurrence; not meadow extent, absence evidence, condition, permanence, or representative sampling.","observation_id":"83fc34df-8129-485e-9898-747546d9909c","scientific_name":"Oceana serrulata","scientific_status":"direct_observation"},"type":"Feature"},{"geometry":{"coordinates":[-122.91896,49.081761],"type":"Point"},"id":"85d8321b-9cc2-4bf7-822e-8db6b3b864ed","properties":{"basis_of_record":"HumanObservation","coordinate_uncertainty_m":5,"country":"Canada","event_date":"2022-07-04","evidence_url":"https://seagrassspotter.org/sighting/4942","limitations":"Photo-associated occurrence; not meadow extent, absence evidence, condition, permanence, or representative sampling.","observation_id":"85d8321b-9cc2-4bf7-822e-8db6b3b864ed","scientific_name":"Ruppia maritima","scientific_status":"direct_observation"},"type":"Feature"},{"geometry":{"coordinates":[99.4406,7.243554],"type":"Point"},"id":"86f46caf-dec4-4f99-8114-990ede945e06","properties":{"basis_of_record":"HumanObservation","coordinate_uncertainty_m":1000,"country":"Thailand","event_date":"2023-04-05","evidence_url":"https://seagrassspotter.org/sighting/7003","limitations":"Photo-associated occurrence; not meadow extent, absence evidence, condition, permanence, or representative sampling.","observation_id":"86f46caf-dec4-4f99-8114-990ede945e06","scientific_name":"Halophila ovalis","scientific_status":"direct_observation"},"type":"Feature"},{"geometry":{"coordinates":[-124.251361,49.318113],"type":"Point"},"id":"8714b8d9-fd63-40b0-8291-27d81c6889b4","properties":{"basis_of_record":"HumanObservation","coordinate_uncertainty_m":6,"country":"Canada","event_date":"2024-05-03","evidence_url":"https://seagrassspotter.org/sighting/8091","limitations":"Photo-associated occurrence; not meadow extent, absence evidence, condition, permanence, or representative sampling.","observation_id":"8714b8d9-fd63-40b0-8291-27d81c6889b4","scientific_name":"Zostera marina","scientific_status":"direct_observation"},"type":"Feature"},{"geometry":{"coordinates":[-96.09267,19.149617],"type":"Point"},"id":"873eec8e-9929-4ba3-85aa-02d8207ec0b0","properties":{"basis_of_record":"HumanObservation","coordinate_uncertainty_m":1,"country":"Mexico","event_date":"2023-05-14","evidence_url":"https://seagrassspotter.org/sighting/7863","limitations":"Photo-associated occurrence; not meadow extent, absence evidence, condition, permanence, or representative sampling.","observation_id":"873eec8e-9929-4ba3-85aa-02d8207ec0b0","scientific_name":"Thalassia testudinum","scientific_status":"direct_observation"},"type":"Feature"},{"geometry":{"coordinates":[-124.434377,48.524072],"type":"Point"},"id":"87cf0007-fbd0-46c2-a5bb-fc7d3a34d27f","properties":{"basis_of_record":"HumanObservation","coordinate_uncertainty_m":4,"country":"Canada","event_date":"2024-04-28","evidence_url":"https://seagrassspotter.org/sighting/8072","limitations":"Photo-associated occurrence; not meadow extent, absence evidence, condition, permanence, or representative sampling.","observation_id":"87cf0007-fbd0-46c2-a5bb-fc7d3a34d27f","scientific_name":"Phyllospadix scouleri","scientific_status":"direct_observation"},"type":"Feature"},{"geometry":{"coordinates":[99.3074,7.37809],"type":"Point"},"id":"8a0d10a3-8882-4c16-a036-3d8fc2c2ed85","properties":{"basis_of_record":"HumanObservation","coordinate_uncertainty_m":1,"country":"Thailand","event_date":"2022-11-12","evidence_url":"https://seagrassspotter.org/sighting/6086","limitations":"Photo-associated occurrence; not meadow extent, absence evidence, condition, permanence, or representative sampling.","observation_id":"8a0d10a3-8882-4c16-a036-3d8fc2c2ed85","scientific_name":"Oceana serrulata","scientific_status":"direct_observation"},"type":"Feature"},{"geometry":{"coordinates":[32.916844,-26.066599],"type":"Point"},"id":"8a0ffc36-0ddd-42af-946b-45585f034613","properties":{"basis_of_record":"HumanObservation","coordinate_uncertainty_m":100,"country":"Mozambique","event_date":"2022-03-29","evidence_url":"https://seagrassspotter.org/sighting/9425","limitations":"Photo-associated occurrence; not meadow extent, absence evidence, condition, permanence, or representative sampling.","observation_id":"8a0ffc36-0ddd-42af-946b-45585f034613","scientific_name":"Zostera capensis","scientific_status":"direct_observation"},"type":"Feature"},{"geometry":{"coordinates":[-4.575233,53.319674],"type":"Point"},"id":"8b0dcded-96f6-4e0b-88ac-ebce93f1c6ef","properties":{"basis_of_record":"HumanObservation","coordinate_uncertainty_m":6,"country":"United Kingdom","event_date":"2025-10-09","evidence_url":"https://seagrassspotter.org/sighting/10570","limitations":"Photo-associated occurrence; not meadow extent, absence evidence, condition, permanence, or representative sampling.","observation_id":"8b0dcded-96f6-4e0b-88ac-ebce93f1c6ef","scientific_name":"Zostera marina","scientific_status":"direct_observation"},"type":"Feature"},{"geometry":{"coordinates":[99.30781,7.37733],"type":"Point"},"id":"8c0e17e6-26ea-4cf9-b353-cead6b230f3a","properties":{"basis_of_record":"HumanObservation","coordinate_uncertainty_m":1,"country":"Thailand","event_date":"2022-11-12","evidence_url":"https://seagrassspotter.org/sighting/6107","limitations":"Photo-associated occurrence; not meadow extent, absence evidence, condition, permanence, or representative sampling.","observation_id":"8c0e17e6-26ea-4cf9-b353-cead6b230f3a","scientific_name":"Thalassia hemprichii","scientific_status":"direct_observation"},"type":"Feature"},{"geometry":{"coordinates":[-4.241328,48.651542],"type":"Point"},"id":"8c20824f-1971-4961-9cf9-add885c3aa6e","properties":{"basis_of_record":"HumanObservation","coordinate_uncertainty_m":1,"country":"France","event_date":"2024-07-23","evidence_url":"https://seagrassspotter.org/sighting/8406","limitations":"Photo-associated occurrence; not meadow extent, absence evidence, condition, permanence, or representative sampling.","observation_id":"8c20824f-1971-4961-9cf9-add885c3aa6e","scientific_name":"Zostera marina","scientific_status":"direct_observation"},"type":"Feature"},{"geometry":{"coordinates":[-4.048815,54.812206],"type":"Point"},"id":"8c53e473-7735-4576-80ee-2c427681335e","properties":{"basis_of_record":"HumanObservation","coordinate_uncertainty_m":4,"country":"United Kingdom","event_date":"2022-09-08","evidence_url":"https://seagrassspotter.org/sighting/5460","limitations":"Photo-associated occurrence; not meadow extent, absence evidence, condition, permanence, or representative sampling.","observation_id":"8c53e473-7735-4576-80ee-2c427681335e","scientific_name":"Zostera noltii","scientific_status":"direct_observation"},"type":"Feature"},{"geometry":{"coordinates":[19.880115,39.637349],"type":"Point"},"id":"8ca47107-b0d2-4c24-8c6f-76b1555209f4","properties":{"basis_of_record":"HumanObservation","coordinate_uncertainty_m":20,"country":"Greece","event_date":"2025-04-05","evidence_url":"https://seagrassspotter.org/sighting/9196","limitations":"Photo-associated occurrence; not meadow extent, absence evidence, condition, permanence, or representative sampling.","observation_id":"8ca47107-b0d2-4c24-8c6f-76b1555209f4","scientific_name":"Posidonia oceanica","scientific_status":"direct_observation"},"type":"Feature"},{"geometry":{"coordinates":[-0.65469,37.986829],"type":"Point"},"id":"8cfd727e-8456-4af6-a2e6-eb92032b55e9","properties":{"basis_of_record":"HumanObservation","coordinate_uncertainty_m":10,"country":"Spain","event_date":"2022-12-26","evidence_url":"https://seagrassspotter.org/sighting/6182","limitations":"Photo-associated occurrence; not meadow extent, absence evidence, condition, permanence, or representative sampling.","observation_id":"8cfd727e-8456-4af6-a2e6-eb92032b55e9","scientific_name":"Posidonia oceanica","scientific_status":"direct_observation"},"type":"Feature"},{"geometry":{"coordinates":[13.963486,40.732185],"type":"Point"},"id":"8d3eaab1-3d00-422c-ae19-39fc69860089","properties":{"basis_of_record":"HumanObservation","coordinate_uncertainty_m":20,"country":"Italy","event_date":"2024-06-19","evidence_url":"https://seagrassspotter.org/sighting/10878","limitations":"Photo-associated occurrence; not meadow extent, absence evidence, condition, permanence, or representative sampling.","observation_id":"8d3eaab1-3d00-422c-ae19-39fc69860089","scientific_name":"Posidonia oceanica","scientific_status":"direct_observation"},"type":"Feature"},{"geometry":{"coordinates":[-4.577471,53.320625],"type":"Point"},"id":"8d8b30e0-820b-4acb-85af-b405d2afdb37","properties":{"basis_of_record":"HumanObservation","coordinate_uncertainty_m":4,"country":"United Kingdom","event_date":"2025-10-08","evidence_url":"https://seagrassspotter.org/sighting/10506","limitations":"Photo-associated occurrence; not meadow extent, absence evidence, condition, permanence, or representative sampling.","observation_id":"8d8b30e0-820b-4acb-85af-b405d2afdb37","scientific_name":"Zostera marina","scientific_status":"direct_observation"},"type":"Feature"},{"geometry":{"coordinates":[5.16105,43.328234],"type":"Point"},"id":"8dd21553-e441-4451-b2df-0003a798d66f","properties":{"basis_of_record":"HumanObservation","coordinate_uncertainty_m":1000,"country":"France","event_date":"2021-07-27","evidence_url":"https://seagrassspotter.org/sighting/6154","limitations":"Photo-associated occurrence; not meadow extent, absence evidence, condition, permanence, or representative sampling.","observation_id":"8dd21553-e441-4451-b2df-0003a798d66f","scientific_name":"Posidonia oceanica","scientific_status":"direct_observation"},"type":"Feature"},{"geometry":{"coordinates":[-7.987067,37.005158],"type":"Point"},"id":"8e478090-ff27-41a4-a472-58bb8c920de8","properties":{"basis_of_record":"HumanObservation","coordinate_uncertainty_m":5,"country":"Portugal","event_date":"2021-09-10","evidence_url":"https://seagrassspotter.org/sighting/4093","limitations":"Photo-associated occurrence; not meadow extent, absence evidence, condition, permanence, or representative sampling.","observation_id":"8e478090-ff27-41a4-a472-58bb8c920de8","scientific_name":"Zostera marina","scientific_status":"direct_observation"},"type":"Feature"},{"geometry":{"coordinates":[146.120239,-17.782369],"type":"Point"},"id":"8e709320-f866-499b-b431-b0aa95dc801c","properties":{"basis_of_record":"HumanObservation","coordinate_uncertainty_m":5,"country":"Australia","event_date":"2024-07-21","evidence_url":"https://seagrassspotter.org/sighting/8374","limitations":"Photo-associated occurrence; not meadow extent, absence evidence, condition, permanence, or representative sampling.","observation_id":"8e709320-f866-499b-b431-b0aa95dc801c","scientific_name":"Oceana serrulata","scientific_status":"direct_observation"},"type":"Feature"},{"geometry":{"coordinates":[118.781407,10.087661],"type":"Point"},"id":"8f1ae491-fddd-4ec8-8a12-6c6b1ca609b5","properties":{"basis_of_record":"HumanObservation","coordinate_uncertainty_m":100,"country":"Philippines","event_date":"2022-09-10","evidence_url":"https://seagrassspotter.org/sighting/5525","limitations":"Photo-associated occurrence; not meadow extent, absence evidence, condition, permanence, or representative sampling.","observation_id":"8f1ae491-fddd-4ec8-8a12-6c6b1ca609b5","scientific_name":"Halophila ovalis","scientific_status":"direct_observation"},"type":"Feature"},{"geometry":{"coordinates":[-16.499429,19.893813],"type":"Point"},"id":"8fae344d-308b-4174-b43c-525394abfca3","properties":{"basis_of_record":"HumanObservation","coordinate_uncertainty_m":1000,"country":"Mauritania","event_date":"2022-05-29","evidence_url":"https://seagrassspotter.org/sighting/5119","limitations":"Photo-associated occurrence; not meadow extent, absence evidence, condition, permanence, or representative sampling.","observation_id":"8fae344d-308b-4174-b43c-525394abfca3","scientific_name":"Zostera noltii","scientific_status":"direct_observation"},"type":"Feature"},{"geometry":{"coordinates":[25.019156,35.407469],"type":"Point"},"id":"8ff71156-4be4-49da-956d-28d288869aa4","properties":{"basis_of_record":"HumanObservation","coordinate_uncertainty_m":50,"country":"Greece","event_date":"2025-10-17","evidence_url":"https://seagrassspotter.org/sighting/10605","limitations":"Photo-associated occurrence; not meadow extent, absence evidence, condition, permanence, or representative sampling.","observation_id":"8ff71156-4be4-49da-956d-28d288869aa4","scientific_name":"Posidonia oceanica","scientific_status":"direct_observation"},"type":"Feature"},{"geometry":{"coordinates":[99.30994,7.37744],"type":"Point"},"id":"91095246-e47e-4607-8963-a097eb979c73","properties":{"basis_of_record":"HumanObservation","coordinate_uncertainty_m":1,"country":"Thailand","event_date":"2023-03-24","evidence_url":"https://seagrassspotter.org/sighting/6804","limitations":"Photo-associated occurrence; not meadow extent, absence evidence, condition, permanence, or representative sampling.","observation_id":"91095246-e47e-4607-8963-a097eb979c73","scientific_name":"Enhalus acoroides","scientific_status":"direct_observation"},"type":"Feature"},{"geometry":{"coordinates":[125.69507,-8.53201],"type":"Point"},"id":"910f1972-9f73-4a23-9023-0a1b4b4968e6","properties":{"basis_of_record":"HumanObservation","coordinate_uncertainty_m":1,"country":"Timor-Leste","event_date":"2023-03-04","evidence_url":"https://seagrassspotter.org/sighting/6502","limitations":"Photo-associated occurrence; not meadow extent, absence evidence, condition, permanence, or representative sampling.","observation_id":"910f1972-9f73-4a23-9023-0a1b4b4968e6","scientific_name":"Syringodium isoetifolium","scientific_status":"direct_observation"},"type":"Feature"},{"geometry":{"coordinates":[57.555661,-20.010613],"type":"Point"},"id":"9189bd56-faa3-4ca3-873a-4049ff0bafab","properties":{"basis_of_record":"HumanObservation","coordinate_uncertainty_m":100,"country":"Mauritius","event_date":"2022-02-10","evidence_url":"https://seagrassspotter.org/sighting/4363","limitations":"Photo-associated occurrence; not meadow extent, absence evidence, condition, permanence, or representative sampling.","observation_id":"9189bd56-faa3-4ca3-873a-4049ff0bafab","scientific_name":"Syringodium isoetifolium","scientific_status":"direct_observation"},"type":"Feature"},{"geometry":{"coordinates":[9.64183,40.285916],"type":"Point"},"id":"918e64b0-e6b2-40e3-9950-e5394ca4c150","properties":{"basis_of_record":"HumanObservation","coordinate_uncertainty_m":50,"country":"Italy","event_date":"2024-06-03","evidence_url":"https://seagrassspotter.org/sighting/9309","limitations":"Photo-associated occurrence; not meadow extent, absence evidence, condition, permanence, or representative sampling.","observation_id":"918e64b0-e6b2-40e3-9950-e5394ca4c150","scientific_name":"Posidonia oceanica","scientific_status":"direct_observation"},"type":"Feature"},{"geometry":{"coordinates":[116.020753,6.011424],"type":"Point"},"id":"91af1b26-a1cc-496e-b240-219634eac103","properties":{"basis_of_record":"HumanObservation","coordinate_uncertainty_m":1000,"country":"Malaysia","event_date":"2023-06-28","evidence_url":"https://seagrassspotter.org/sighting/7556","limitations":"Photo-associated occurrence; not meadow extent, absence evidence, condition, permanence, or representative sampling.","observation_id":"91af1b26-a1cc-496e-b240-219634eac103","scientific_name":"Cymodocea rotundata","scientific_status":"direct_observation"},"type":"Feature"},{"geometry":{"coordinates":[119.330703,-5.052053],"type":"Point"},"id":"924aadcd-b625-4aa8-be03-bae1fd9de7bb","properties":{"basis_of_record":"HumanObservation","coordinate_uncertainty_m":5,"country":"Indonesia","event_date":"2025-07-11","evidence_url":"https://seagrassspotter.org/sighting/9657","limitations":"Photo-associated occurrence; not meadow extent, absence evidence, condition, permanence, or representative sampling.","observation_id":"924aadcd-b625-4aa8-be03-bae1fd9de7bb","scientific_name":"Thalassia hemprichii","scientific_status":"direct_observation"},"type":"Feature"},{"geometry":{"coordinates":[36.986829,25.346665],"type":"Point"},"id":"943503f0-d015-40ad-9c8b-743b4856e27d","properties":{"basis_of_record":"HumanObservation","coordinate_uncertainty_m":15,"country":"Saudi Arabia","event_date":"2025-07-04","evidence_url":"https://seagrassspotter.org/sighting/10918","limitations":"Photo-associated occurrence; not meadow extent, absence evidence, condition, permanence, or representative sampling.","observation_id":"943503f0-d015-40ad-9c8b-743b4856e27d","scientific_name":"Halophila ovalis","scientific_status":"direct_observation"},"type":"Feature"},{"geometry":{"coordinates":[16.063128,43.044041],"type":"Point"},"id":"97249b3e-881f-44f2-9a39-17713edd42a5","properties":{"basis_of_record":"HumanObservation","coordinate_uncertainty_m":10,"country":"Croatia","event_date":"2024-08-23","evidence_url":"https://seagrassspotter.org/sighting/8490","limitations":"Photo-associated occurrence; not meadow extent, absence evidence, condition, permanence, or representative sampling.","observation_id":"97249b3e-881f-44f2-9a39-17713edd42a5","scientific_name":"Posidonia oceanica","scientific_status":"direct_observation"},"type":"Feature"},{"geometry":{"coordinates":[-0.950112,50.824869],"type":"Point"},"id":"97697545-064d-48a8-8f0c-995ef05613dd","properties":{"basis_of_record":"HumanObservation","coordinate_uncertainty_m":5,"country":"United Kingdom","event_date":"2023-03-18","evidence_url":"https://seagrassspotter.org/sighting/6496","limitations":"Photo-associated occurrence; not meadow extent, absence evidence, condition, permanence, or representative sampling.","observation_id":"97697545-064d-48a8-8f0c-995ef05613dd","scientific_name":"Zostera noltii","scientific_status":"direct_observation"},"type":"Feature"},{"geometry":{"coordinates":[-1.216271,44.711154],"type":"Point"},"id":"976aed64-75c2-4bd6-a43c-8e771ce2f29e","properties":{"basis_of_record":"HumanObservation","coordinate_uncertainty_m":9,"country":"France","event_date":"2024-09-17","evidence_url":"https://seagrassspotter.org/sighting/8574","limitations":"Photo-associated occurrence; not meadow extent, absence evidence, condition, permanence, or representative sampling.","observation_id":"976aed64-75c2-4bd6-a43c-8e771ce2f29e","scientific_name":"Zostera noltii","scientific_status":"direct_observation"},"type":"Feature"},{"geometry":{"coordinates":[8.479769,44.294656],"type":"Point"},"id":"9929c7f4-55d8-41b9-ab1a-ac138c8cca80","properties":{"basis_of_record":"HumanObservation","coordinate_uncertainty_m":30,"country":"Italy","event_date":"2022-08-01","evidence_url":"https://seagrassspotter.org/sighting/6156","limitations":"Photo-associated occurrence; not meadow extent, absence evidence, condition, permanence, or representative sampling.","observation_id":"9929c7f4-55d8-41b9-ab1a-ac138c8cca80","scientific_name":"Posidonia oceanica","scientific_status":"direct_observation"},"type":"Feature"},{"geometry":{"coordinates":[-7.340383,57.085058],"type":"Point"},"id":"9a26398c-2720-4b41-9db8-bc47485eefec","properties":{"basis_of_record":"HumanObservation","coordinate_uncertainty_m":1000,"country":"United Kingdom","event_date":"2022-03-26","evidence_url":"https://seagrassspotter.org/sighting/4473","limitations":"Photo-associated occurrence; not meadow extent, absence evidence, condition, permanence, or representative sampling.","observation_id":"9a26398c-2720-4b41-9db8-bc47485eefec","scientific_name":"Zostera marina","scientific_status":"direct_observation"},"type":"Feature"},{"geometry":{"coordinates":[174.858105,-36.849606],"type":"Point"},"id":"9a7c23af-51b9-44a2-bd32-35109003cf28","properties":{"basis_of_record":"HumanObservation","coordinate_uncertainty_m":10,"country":"New Zealand","event_date":"2024-09-04","evidence_url":"https://seagrassspotter.org/sighting/8532","limitations":"Photo-associated occurrence; not meadow extent, absence evidence, condition, permanence, or representative sampling.","observation_id":"9a7c23af-51b9-44a2-bd32-35109003cf28","scientific_name":"Zostera muelleri","scientific_status":"direct_observation"},"type":"Feature"},{"geometry":{"coordinates":[119.39363,10.254078],"type":"Point"},"id":"9acc1e28-4ad1-41fb-8f27-1c02502744c4","properties":{"basis_of_record":"HumanObservation","coordinate_uncertainty_m":200,"country":"Philippines","event_date":"2023-01-17","evidence_url":"https://seagrassspotter.org/sighting/6315","limitations":"Photo-associated occurrence; not meadow extent, absence evidence, condition, permanence, or representative sampling.","observation_id":"9acc1e28-4ad1-41fb-8f27-1c02502744c4","scientific_name":"Enhalus acoroides","scientific_status":"direct_observation"},"type":"Feature"},{"geometry":{"coordinates":[80.10035,6.130819],"type":"Point"},"id":"9b99e1d2-6d84-461c-b7ae-2d51b2409ec9","properties":{"basis_of_record":"HumanObservation","coordinate_uncertainty_m":10,"country":"Sri Lanka","event_date":"2024-06-20","evidence_url":"https://seagrassspotter.org/sighting/8270","limitations":"Photo-associated occurrence; not meadow extent, absence evidence, condition, permanence, or representative sampling.","observation_id":"9b99e1d2-6d84-461c-b7ae-2d51b2409ec9","scientific_name":"Thalassia hemprichii","scientific_status":"direct_observation"},"type":"Feature"},{"geometry":{"coordinates":[-3.089348,51.206519],"type":"Point"},"id":"9c11f6a6-c2d4-46c4-bd92-776b977ca065","properties":{"basis_of_record":"HumanObservation","coordinate_uncertainty_m":6,"country":"United Kingdom","event_date":"2024-05-23","evidence_url":"https://seagrassspotter.org/sighting/8170","limitations":"Photo-associated occurrence; not meadow extent, absence evidence, condition, permanence, or representative sampling.","observation_id":"9c11f6a6-c2d4-46c4-bd92-776b977ca065","scientific_name":"Zostera marina","scientific_status":"direct_observation"},"type":"Feature"},{"geometry":{"coordinates":[-63.097188,18.066945],"type":"Point"},"id":"9c1b945f-297e-4723-9e1c-f53d10c973fb","properties":{"basis_of_record":"HumanObservation","coordinate_uncertainty_m":5,"country":"Saint Martin","event_date":"2023-05-24","evidence_url":"https://seagrassspotter.org/sighting/6942","limitations":"Photo-associated occurrence; not meadow extent, absence evidence, condition, permanence, or representative sampling.","observation_id":"9c1b945f-297e-4723-9e1c-f53d10c973fb","scientific_name":"Thalassia testudinum","scientific_status":"direct_observation"},"type":"Feature"},{"geometry":{"coordinates":[120.201542,11.995353],"type":"Point"},"id":"9c4f050f-da85-43d1-a45c-e498e33df698","properties":{"basis_of_record":"HumanObservation","coordinate_uncertainty_m":1000,"country":"Philippines","event_date":"2023-10-25","evidence_url":"https://seagrassspotter.org/sighting/7666","limitations":"Photo-associated occurrence; not meadow extent, absence evidence, condition, permanence, or representative sampling.","observation_id":"9c4f050f-da85-43d1-a45c-e498e33df698","scientific_name":"Enhalus acoroides","scientific_status":"direct_observation"},"type":"Feature"},{"geometry":{"coordinates":[28.590244,43.816504],"type":"Point"},"id":"9cc51561-5b10-4c23-b5c9-28452b2cb203","properties":{"basis_of_record":"HumanObservation","coordinate_uncertainty_m":1000,"country":"Romania","event_date":"2023-05-03","evidence_url":"https://seagrassspotter.org/sighting/7163","limitations":"Photo-associated occurrence; not meadow extent, absence evidence, condition, permanence, or representative sampling.","observation_id":"9cc51561-5b10-4c23-b5c9-28452b2cb203","scientific_name":"Zostera noltii","scientific_status":"direct_observation"},"type":"Feature"},{"geometry":{"coordinates":[-2.587678,56.013703],"type":"Point"},"id":"9e35e9ef-aae0-4e18-985f-1afa35ac0cd0","properties":{"basis_of_record":"HumanObservation","coordinate_uncertainty_m":1000,"country":"United Kingdom","event_date":"2023-01-25","evidence_url":"https://seagrassspotter.org/sighting/6179","limitations":"Photo-associated occurrence; not meadow extent, absence evidence, condition, permanence, or representative sampling.","observation_id":"9e35e9ef-aae0-4e18-985f-1afa35ac0cd0","scientific_name":"Zostera noltii","scientific_status":"direct_observation"},"type":"Feature"},{"geometry":{"coordinates":[-3.535074,50.456903],"type":"Point"},"id":"9f614d54-61e6-42c6-bc90-a4e7b796b4ca","properties":{"basis_of_record":"HumanObservation","coordinate_uncertainty_m":3,"country":"United Kingdom","event_date":"2023-09-02","evidence_url":"https://seagrassspotter.org/sighting/7918","limitations":"Photo-associated occurrence; not meadow extent, absence evidence, condition, permanence, or representative sampling.","observation_id":"9f614d54-61e6-42c6-bc90-a4e7b796b4ca","scientific_name":"Zostera marina","scientific_status":"direct_observation"},"type":"Feature"},{"geometry":{"coordinates":[120.617585,13.912061],"type":"Point"},"id":"a07fbd36-f52e-4271-8a22-a4c5d23e382f","properties":{"basis_of_record":"HumanObservation","coordinate_uncertainty_m":19,"country":"Philippines","event_date":"2025-02-13","evidence_url":"https://seagrassspotter.org/sighting/10668","limitations":"Photo-associated occurrence; not meadow extent, absence evidence, condition, permanence, or representative sampling.","observation_id":"a07fbd36-f52e-4271-8a22-a4c5d23e382f","scientific_name":"Thalassia hemprichii","scientific_status":"direct_observation"},"type":"Feature"},{"geometry":{"coordinates":[-68.390025,18.478043],"type":"Point"},"id":"a144f06c-52d1-4dcf-9e9f-3040e168efbb","properties":{"basis_of_record":"HumanObservation","coordinate_uncertainty_m":500,"country":"Dominican Republic","event_date":"2022-06-01","evidence_url":"https://seagrassspotter.org/sighting/4870","limitations":"Photo-associated occurrence; not meadow extent, absence evidence, condition, permanence, or representative sampling.","observation_id":"a144f06c-52d1-4dcf-9e9f-3040e168efbb","scientific_name":"Thalassia testudinum","scientific_status":"direct_observation"},"type":"Feature"},{"geometry":{"coordinates":[119.327614,-5.052639],"type":"Point"},"id":"a19bb34c-bcfd-409a-b731-8a2d62b53730","properties":{"basis_of_record":"HumanObservation","coordinate_uncertainty_m":5,"country":"Indonesia","event_date":"2025-07-11","evidence_url":"https://seagrassspotter.org/sighting/9643","limitations":"Photo-associated occurrence; not meadow extent, absence evidence, condition, permanence, or representative sampling.","observation_id":"a19bb34c-bcfd-409a-b731-8a2d62b53730","scientific_name":"Thalassia hemprichii","scientific_status":"direct_observation"},"type":"Feature"},{"geometry":{"coordinates":[124.97635,1.734501],"type":"Point"},"id":"a1c6d8d2-3603-4893-a96f-f4b910458c3f","properties":{"basis_of_record":"HumanObservation","coordinate_uncertainty_m":100,"country":"Indonesia","event_date":"2022-07-29","evidence_url":"https://seagrassspotter.org/sighting/5268","limitations":"Photo-associated occurrence; not meadow extent, absence evidence, condition, permanence, or representative sampling.","observation_id":"a1c6d8d2-3603-4893-a96f-f4b910458c3f","scientific_name":"Thalassia hemprichii","scientific_status":"direct_observation"},"type":"Feature"},{"geometry":{"coordinates":[-5.14305,55.441646],"type":"Point"},"id":"a1d9f4d9-8acb-471a-a6dd-6e30fb3b9c72","properties":{"basis_of_record":"HumanObservation","coordinate_uncertainty_m":10,"country":"United Kingdom","event_date":"2024-05-01","evidence_url":"https://seagrassspotter.org/sighting/8077","limitations":"Photo-associated occurrence; not meadow extent, absence evidence, condition, permanence, or representative sampling.","observation_id":"a1d9f4d9-8acb-471a-a6dd-6e30fb3b9c72","scientific_name":"Zostera marina","scientific_status":"direct_observation"},"type":"Feature"},{"geometry":{"coordinates":[17.742303,42.690745],"type":"Point"},"id":"a237edfd-8747-40b5-bc05-349a9edd4cf7","properties":{"basis_of_record":"HumanObservation","coordinate_uncertainty_m":1000,"country":"Croatia","event_date":"2023-08-02","evidence_url":"https://seagrassspotter.org/sighting/7320","limitations":"Photo-associated occurrence; not meadow extent, absence evidence, condition, permanence, or representative sampling.","observation_id":"a237edfd-8747-40b5-bc05-349a9edd4cf7","scientific_name":"Posidonia oceanica","scientific_status":"direct_observation"},"type":"Feature"},{"geometry":{"coordinates":[12.735083,43.969131],"type":"Point"},"id":"a2642fb8-914c-46de-87f7-49e0301ee5cf","properties":{"basis_of_record":"HumanObservation","coordinate_uncertainty_m":5,"country":"Italy","event_date":"2024-09-10","evidence_url":"https://seagrassspotter.org/sighting/8542","limitations":"Photo-associated occurrence; not meadow extent, absence evidence, condition, permanence, or representative sampling.","observation_id":"a2642fb8-914c-46de-87f7-49e0301ee5cf","scientific_name":"Zostera marina","scientific_status":"direct_observation"},"type":"Feature"},{"geometry":{"coordinates":[-61.715564,15.979951],"type":"Point"},"id":"a269d7f3-05a0-44db-8c1e-d79cb22f7864","properties":{"basis_of_record":"HumanObservation","coordinate_uncertainty_m":1000,"country":"Guadeloupe","event_date":"2023-06-14","evidence_url":"https://seagrassspotter.org/sighting/7041","limitations":"Photo-associated occurrence; not meadow extent, absence evidence, condition, permanence, or representative sampling.","observation_id":"a269d7f3-05a0-44db-8c1e-d79cb22f7864","scientific_name":"Thalassia testudinum","scientific_status":"direct_observation"},"type":"Feature"},{"geometry":{"coordinates":[118.81483,10.07444],"type":"Point"},"id":"a2898c76-784e-4380-8de1-c9ebcaefd8f3","properties":{"basis_of_record":"HumanObservation","coordinate_uncertainty_m":1,"country":"Philippines","event_date":"2022-09-08","evidence_url":"https://seagrassspotter.org/sighting/5517","limitations":"Photo-associated occurrence; not meadow extent, absence evidence, condition, permanence, or representative sampling.","observation_id":"a2898c76-784e-4380-8de1-c9ebcaefd8f3","scientific_name":"Enhalus acoroides","scientific_status":"direct_observation"},"type":"Feature"},{"geometry":{"coordinates":[99.30677,7.37826],"type":"Point"},"id":"a3cec9ea-c743-4061-b078-2adfab8cf689","properties":{"basis_of_record":"HumanObservation","coordinate_uncertainty_m":1,"country":"Thailand","event_date":"2022-11-12","evidence_url":"https://seagrassspotter.org/sighting/6061","limitations":"Photo-associated occurrence; not meadow extent, absence evidence, condition, permanence, or representative sampling.","observation_id":"a3cec9ea-c743-4061-b078-2adfab8cf689","scientific_name":"Thalassia hemprichii","scientific_status":"direct_observation"},"type":"Feature"},{"geometry":{"coordinates":[119.36148,10.33209],"type":"Point"},"id":"a438b546-698e-4287-9775-d6db85bff40f","properties":{"basis_of_record":"HumanObservation","coordinate_uncertainty_m":1,"country":"Philippines","event_date":"2022-10-13","evidence_url":"https://seagrassspotter.org/sighting/5773","limitations":"Photo-associated occurrence; not meadow extent, absence evidence, condition, permanence, or representative sampling.","observation_id":"a438b546-698e-4287-9775-d6db85bff40f","scientific_name":"Enhalus acoroides","scientific_status":"direct_observation"},"type":"Feature"},{"geometry":{"coordinates":[7.997992,43.866623],"type":"Point"},"id":"a5798798-8005-467a-b05c-7ce9e0d7889b","properties":{"basis_of_record":"HumanObservation","coordinate_uncertainty_m":10,"country":"Italy","event_date":"2021-07-14","evidence_url":"https://seagrassspotter.org/sighting/3986","limitations":"Photo-associated occurrence; not meadow extent, absence evidence, condition, permanence, or representative sampling.","observation_id":"a5798798-8005-467a-b05c-7ce9e0d7889b","scientific_name":"Posidonia oceanica","scientific_status":"direct_observation"},"type":"Feature"},{"geometry":{"coordinates":[98.336287,9.226929],"type":"Point"},"id":"a5f1103f-e784-4a3f-b0e3-74f5b107d03f","properties":{"basis_of_record":"HumanObservation","coordinate_uncertainty_m":26,"country":"Thailand","event_date":"2022-06-15","evidence_url":"https://seagrassspotter.org/sighting/4869","limitations":"Photo-associated occurrence; not meadow extent, absence evidence, condition, permanence, or representative sampling.","observation_id":"a5f1103f-e784-4a3f-b0e3-74f5b107d03f","scientific_name":"Halophila ovalis","scientific_status":"direct_observation"},"type":"Feature"},{"geometry":{"coordinates":[72.997417,0.453722],"type":"Point"},"id":"a63522d4-dd73-40e6-849b-21e494f938f4","properties":{"basis_of_record":"HumanObservation","coordinate_uncertainty_m":1,"country":"Maldives","event_date":"2022-11-30","evidence_url":"https://seagrassspotter.org/sighting/7773","limitations":"Photo-associated occurrence; not meadow extent, absence evidence, condition, permanence, or representative sampling.","observation_id":"a63522d4-dd73-40e6-849b-21e494f938f4","scientific_name":"Thalassodendron ciliatum","scientific_status":"direct_observation"},"type":"Feature"},{"geometry":{"coordinates":[103.83368,2.47409],"type":"Point"},"id":"a6be0498-235b-45a1-b430-b946c73b84fc","properties":{"basis_of_record":"HumanObservation","coordinate_uncertainty_m":500,"country":"Malaysia","event_date":"2022-07-23","evidence_url":"https://seagrassspotter.org/sighting/5113","limitations":"Photo-associated occurrence; not meadow extent, absence evidence, condition, permanence, or representative sampling.","observation_id":"a6be0498-235b-45a1-b430-b946c73b84fc","scientific_name":"Thalassia hemprichii","scientific_status":"direct_observation"},"type":"Feature"},{"geometry":{"coordinates":[18.219644,42.61099],"type":"Point"},"id":"a7db3761-57d1-4bc6-b53c-605323b7e0d1","properties":{"basis_of_record":"HumanObservation","coordinate_uncertainty_m":10,"country":"Croatia","event_date":"2024-09-03","evidence_url":"https://seagrassspotter.org/sighting/8585","limitations":"Photo-associated occurrence; not meadow extent, absence evidence, condition, permanence, or representative sampling.","observation_id":"a7db3761-57d1-4bc6-b53c-605323b7e0d1","scientific_name":"Posidonia oceanica","scientific_status":"direct_observation"},"type":"Feature"},{"geometry":{"coordinates":[-64.936217,47.377082],"type":"Point"},"id":"a894674c-0f52-4f93-a14d-a530e9d9a317","properties":{"basis_of_record":"HumanObservation","coordinate_uncertainty_m":1,"country":"Canada","event_date":"2025-11-14","evidence_url":"https://seagrassspotter.org/sighting/9008","limitations":"Photo-associated occurrence; not meadow extent, absence evidence, condition, permanence, or representative sampling.","observation_id":"a894674c-0f52-4f93-a14d-a530e9d9a317","scientific_name":"Zostera marina","scientific_status":"direct_observation"},"type":"Feature"},{"geometry":{"coordinates":[6.681524,43.200624],"type":"Point"},"id":"a8ac23ab-caa6-4dc0-b295-05f281edb642","properties":{"basis_of_record":"HumanObservation","coordinate_uncertainty_m":1000,"country":"France","event_date":"2023-10-14","evidence_url":"https://seagrassspotter.org/sighting/7555","limitations":"Photo-associated occurrence; not meadow extent, absence evidence, condition, permanence, or representative sampling.","observation_id":"a8ac23ab-caa6-4dc0-b295-05f281edb642","scientific_name":"Posidonia oceanica","scientific_status":"direct_observation"},"type":"Feature"},{"geometry":{"coordinates":[50.623199,25.831027],"type":"Point"},"id":"a8c35e02-c8e4-41c3-a466-63fabdc4325b","properties":{"basis_of_record":"HumanObservation","coordinate_uncertainty_m":20,"country":"Bahrain","event_date":"2025-01-07","evidence_url":"https://seagrassspotter.org/sighting/8880","limitations":"Photo-associated occurrence; not meadow extent, absence evidence, condition, permanence, or representative sampling.","observation_id":"a8c35e02-c8e4-41c3-a466-63fabdc4325b","scientific_name":"Halophila stipulacea","scientific_status":"direct_observation"},"type":"Feature"},{"geometry":{"coordinates":[-62.840284,44.707726],"type":"Point"},"id":"a948b650-7697-4c4b-b883-17646d07b262","properties":{"basis_of_record":"HumanObservation","coordinate_uncertainty_m":1000,"country":"Canada","event_date":"2021-08-22","evidence_url":"https://seagrassspotter.org/sighting/4427","limitations":"Photo-associated occurrence; not meadow extent, absence evidence, condition, permanence, or representative sampling.","observation_id":"a948b650-7697-4c4b-b883-17646d07b262","scientific_name":"Zostera marina","scientific_status":"direct_observation"},"type":"Feature"},{"geometry":{"coordinates":[-3.503014,53.307074],"type":"Point"},"id":"aa354ec9-3b41-4eb2-a60d-500786707999","properties":{"basis_of_record":"HumanObservation","coordinate_uncertainty_m":500,"country":"United Kingdom","event_date":"2023-05-04","evidence_url":"https://seagrassspotter.org/sighting/7340","limitations":"Photo-associated occurrence; not meadow extent, absence evidence, condition, permanence, or representative sampling.","observation_id":"aa354ec9-3b41-4eb2-a60d-500786707999","scientific_name":"Zostera noltii","scientific_status":"direct_observation"},"type":"Feature"},{"geometry":{"coordinates":[122.398514,9.855242],"type":"Point"},"id":"aaa7bb3e-ccda-4860-97c1-0830d6aecd46","properties":{"basis_of_record":"HumanObservation","coordinate_uncertainty_m":500,"country":"Philippines","event_date":"2025-08-08","evidence_url":"https://seagrassspotter.org/sighting/10674","limitations":"Photo-associated occurrence; not meadow extent, absence evidence, condition, permanence, or representative sampling.","observation_id":"aaa7bb3e-ccda-4860-97c1-0830d6aecd46","scientific_name":"Enhalus acoroides","scientific_status":"direct_observation"},"type":"Feature"},{"geometry":{"coordinates":[2.993452,39.31412],"type":"Point"},"id":"ab7b7e0c-85ea-4ba4-a852-099c7acbb05d","properties":{"basis_of_record":"HumanObservation","coordinate_uncertainty_m":1,"country":"Spain","event_date":"2025-09-19","evidence_url":"https://seagrassspotter.org/sighting/10399","limitations":"Photo-associated occurrence; not meadow extent, absence evidence, condition, permanence, or representative sampling.","observation_id":"ab7b7e0c-85ea-4ba4-a852-099c7acbb05d","scientific_name":"Posidonia oceanica","scientific_status":"direct_observation"},"type":"Feature"},{"geometry":{"coordinates":[55.220512,-21.067695],"type":"Point"},"id":"abdef521-df88-4e2c-aaf4-b7b319bd8067","properties":{"basis_of_record":"HumanObservation","coordinate_uncertainty_m":5,"country":"R\u00e9union","event_date":"2022-08-20","evidence_url":"https://seagrassspotter.org/sighting/5425","limitations":"Photo-associated occurrence; not meadow extent, absence evidence, condition, permanence, or representative sampling.","observation_id":"abdef521-df88-4e2c-aaf4-b7b319bd8067","scientific_name":"Syringodium isoetifolium","scientific_status":"direct_observation"},"type":"Feature"},{"geometry":{"coordinates":[-4.765576,55.403746],"type":"Point"},"id":"ad8f1505-88fd-4a34-8d30-7ecf68b7f0f7","properties":{"basis_of_record":"HumanObservation","coordinate_uncertainty_m":10,"country":"United Kingdom","event_date":"2021-04-16","evidence_url":"https://seagrassspotter.org/sighting/3791","limitations":"Photo-associated occurrence; not meadow extent, absence evidence, condition, permanence, or representative sampling.","observation_id":"ad8f1505-88fd-4a34-8d30-7ecf68b7f0f7","scientific_name":"Zostera marina","scientific_status":"direct_observation"},"type":"Feature"},{"geometry":{"coordinates":[-81.348906,24.703381],"type":"Point"},"id":"aef4b3f9-3114-4dc7-8bd1-03c37c7b067a","properties":{"basis_of_record":"HumanObservation","coordinate_uncertainty_m":500,"country":"United States","event_date":"2025-02-18","evidence_url":"https://seagrassspotter.org/sighting/10848","limitations":"Photo-associated occurrence; not meadow extent, absence evidence, condition, permanence, or representative sampling.","observation_id":"aef4b3f9-3114-4dc7-8bd1-03c37c7b067a","scientific_name":"Halodule wrightii","scientific_status":"direct_observation"},"type":"Feature"},{"geometry":{"coordinates":[147.712359,-43.010337],"type":"Point"},"id":"af894d44-7ddb-45ac-8891-b115d1be4023","properties":{"basis_of_record":"HumanObservation","coordinate_uncertainty_m":12,"country":"Australia","event_date":"2023-02-27","evidence_url":"https://seagrassspotter.org/sighting/6414","limitations":"Photo-associated occurrence; not meadow extent, absence evidence, condition, permanence, or representative sampling.","observation_id":"af894d44-7ddb-45ac-8891-b115d1be4023","scientific_name":"Zostera muelleri","scientific_status":"direct_observation"},"type":"Feature"},{"geometry":{"coordinates":[-6.298358,49.938527],"type":"Point"},"id":"afb0f0cb-0b43-4a0a-8b39-2dfb33e179ce","properties":{"basis_of_record":"HumanObservation","coordinate_uncertainty_m":1000,"country":"United Kingdom","event_date":"2023-08-01","evidence_url":"https://seagrassspotter.org/sighting/7318","limitations":"Photo-associated occurrence; not meadow extent, absence evidence, condition, permanence, or representative sampling.","observation_id":"afb0f0cb-0b43-4a0a-8b39-2dfb33e179ce","scientific_name":"Zostera marina","scientific_status":"direct_observation"},"type":"Feature"},{"geometry":{"coordinates":[-157.810276,21.462763],"type":"Point"},"id":"b043302f-e04a-4e48-bcaf-d9f7fae2705a","properties":{"basis_of_record":"HumanObservation","coordinate_uncertainty_m":25,"country":"United States","event_date":"2022-04-01","evidence_url":"https://seagrassspotter.org/sighting/4476","limitations":"Photo-associated occurrence; not meadow extent, absence evidence, condition, permanence, or representative sampling.","observation_id":"b043302f-e04a-4e48-bcaf-d9f7fae2705a","scientific_name":"Halophila decipiens","scientific_status":"direct_observation"},"type":"Feature"},{"geometry":{"coordinates":[-172.358669,-13.442104],"type":"Point"},"id":"b05a2719-9f40-4001-95df-cf28eec552e2","properties":{"basis_of_record":"HumanObservation","coordinate_uncertainty_m":50,"country":"Samoa","event_date":"2024-03-31","evidence_url":"https://seagrassspotter.org/sighting/8100","limitations":"Photo-associated occurrence; not meadow extent, absence evidence, condition, permanence, or representative sampling.","observation_id":"b05a2719-9f40-4001-95df-cf28eec552e2","scientific_name":"Halophila ovalis","scientific_status":"direct_observation"},"type":"Feature"},{"geometry":{"coordinates":[-3.09186,51.207385],"type":"Point"},"id":"b0d7f4b9-7cd8-4d02-83a5-f657b4aa053e","properties":{"basis_of_record":"HumanObservation","coordinate_uncertainty_m":4,"country":"United Kingdom","event_date":"2024-08-07","evidence_url":"https://seagrassspotter.org/sighting/8449","limitations":"Photo-associated occurrence; not meadow extent, absence evidence, condition, permanence, or representative sampling.","observation_id":"b0d7f4b9-7cd8-4d02-83a5-f657b4aa053e","scientific_name":"Zostera marina","scientific_status":"direct_observation"},"type":"Feature"},{"geometry":{"coordinates":[-4.180309,51.678217],"type":"Point"},"id":"b0ff94cd-1a4e-48ca-98d1-22bc619e2c95","properties":{"basis_of_record":"HumanObservation","coordinate_uncertainty_m":41,"country":"United Kingdom","event_date":"2021-05-09","evidence_url":"https://seagrassspotter.org/sighting/3864","limitations":"Photo-associated occurrence; not meadow extent, absence evidence, condition, permanence, or representative sampling.","observation_id":"b0ff94cd-1a4e-48ca-98d1-22bc619e2c95","scientific_name":"Zostera noltii","scientific_status":"direct_observation"},"type":"Feature"},{"geometry":{"coordinates":[178.498868,-17.599565],"type":"Point"},"id":"b167e397-c368-4409-8db5-aa14dfc53681","properties":{"basis_of_record":"HumanObservation","coordinate_uncertainty_m":5,"country":"Fiji","event_date":"2024-06-20","evidence_url":"https://seagrassspotter.org/sighting/9670","limitations":"Photo-associated occurrence; not meadow extent, absence evidence, condition, permanence, or representative sampling.","observation_id":"b167e397-c368-4409-8db5-aa14dfc53681","scientific_name":"Halophila ovalis","scientific_status":"direct_observation"},"type":"Feature"},{"geometry":{"coordinates":[151.743585,-24.025651],"type":"Point"},"id":"b1a0a37f-b040-4060-9223-e5a9dd3e88e7","properties":{"basis_of_record":"HumanObservation","coordinate_uncertainty_m":5,"country":"Australia","event_date":"2025-11-08","evidence_url":"https://seagrassspotter.org/sighting/10883","limitations":"Photo-associated occurrence; not meadow extent, absence evidence, condition, permanence, or representative sampling.","observation_id":"b1a0a37f-b040-4060-9223-e5a9dd3e88e7","scientific_name":"Halophila ovalis","scientific_status":"direct_observation"},"type":"Feature"},{"geometry":{"coordinates":[41.288046,-1.985387],"type":"Point"},"id":"b1c28526-4830-485a-be9c-b56d8cf8b9ff","properties":{"basis_of_record":"HumanObservation","coordinate_uncertainty_m":1000,"country":"Kenya","event_date":"2021-11-22","evidence_url":"https://seagrassspotter.org/sighting/4139","limitations":"Photo-associated occurrence; not meadow extent, absence evidence, condition, permanence, or representative sampling.","observation_id":"b1c28526-4830-485a-be9c-b56d8cf8b9ff","scientific_name":"Halophila ovalis","scientific_status":"direct_observation"},"type":"Feature"},{"geometry":{"coordinates":[-149.829032,-17.483026],"type":"Point"},"id":"b224fd4a-26a9-4144-9793-bcb201d3ef10","properties":{"basis_of_record":"HumanObservation","coordinate_uncertainty_m":100,"country":"French Polynesia","event_date":"2024-04-17","evidence_url":"https://seagrassspotter.org/sighting/8049","limitations":"Photo-associated occurrence; not meadow extent, absence evidence, condition, permanence, or representative sampling.","observation_id":"b224fd4a-26a9-4144-9793-bcb201d3ef10","scientific_name":"Halophila decipiens","scientific_status":"direct_observation"},"type":"Feature"},{"geometry":{"coordinates":[18.430181,59.112142],"type":"Point"},"id":"b23ba9df-c3fb-4828-8fdc-93ca581fc133","properties":{"basis_of_record":"HumanObservation","coordinate_uncertainty_m":5,"country":"Sweden","event_date":"2021-09-05","evidence_url":"https://seagrassspotter.org/sighting/10332","limitations":"Photo-associated occurrence; not meadow extent, absence evidence, condition, permanence, or representative sampling.","observation_id":"b23ba9df-c3fb-4828-8fdc-93ca581fc133","scientific_name":"Ruppia maritima","scientific_status":"direct_observation"},"type":"Feature"},{"geometry":{"coordinates":[140.974788,40.938077],"type":"Point"},"id":"b2afd72c-8b76-40d0-a547-2dc28108efd4","properties":{"basis_of_record":"HumanObservation","coordinate_uncertainty_m":5,"country":"Japan","event_date":"2021-09-26","evidence_url":"https://seagrassspotter.org/sighting/4111","limitations":"Photo-associated occurrence; not meadow extent, absence evidence, condition, permanence, or representative sampling.","observation_id":"b2afd72c-8b76-40d0-a547-2dc28108efd4","scientific_name":"Zostera japonica","scientific_status":"direct_observation"},"type":"Feature"},{"geometry":{"coordinates":[2.939852,41.720752],"type":"Point"},"id":"b34b2b2e-9b74-4ccc-a028-b30696ee6d7d","properties":{"basis_of_record":"HumanObservation","coordinate_uncertainty_m":70,"country":"Spain","event_date":"2025-07-31","evidence_url":"https://seagrassspotter.org/sighting/9753","limitations":"Photo-associated occurrence; not meadow extent, absence evidence, condition, permanence, or representative sampling.","observation_id":"b34b2b2e-9b74-4ccc-a028-b30696ee6d7d","scientific_name":"Posidonia oceanica","scientific_status":"direct_observation"},"type":"Feature"},{"geometry":{"coordinates":[127.943747,34.77575],"type":"Point"},"id":"b3619766-ca9e-4593-9212-f5f0abc32954","properties":{"basis_of_record":"HumanObservation","coordinate_uncertainty_m":500,"country":"South Korea","event_date":"2025-08-22","evidence_url":"https://seagrassspotter.org/sighting/10177","limitations":"Photo-associated occurrence; not meadow extent, absence evidence, condition, permanence, or representative sampling.","observation_id":"b3619766-ca9e-4593-9212-f5f0abc32954","scientific_name":"Zostera marina","scientific_status":"direct_observation"},"type":"Feature"},{"geometry":{"coordinates":[124.97635,1.734501],"type":"Point"},"id":"b446b4fd-3cac-4717-b98b-94964e42a29a","properties":{"basis_of_record":"HumanObservation","coordinate_uncertainty_m":200,"country":"Indonesia","event_date":"2022-07-29","evidence_url":"https://seagrassspotter.org/sighting/5308","limitations":"Photo-associated occurrence; not meadow extent, absence evidence, condition, permanence, or representative sampling.","observation_id":"b446b4fd-3cac-4717-b98b-94964e42a29a","scientific_name":"Thalassia hemprichii","scientific_status":"direct_observation"},"type":"Feature"},{"geometry":{"coordinates":[119.86484,12.19964],"type":"Point"},"id":"b53c4cb5-0ee5-45cd-9e18-9926ae7bcdd1","properties":{"basis_of_record":"HumanObservation","coordinate_uncertainty_m":1,"country":"Philippines","event_date":"2023-01-24","evidence_url":"https://seagrassspotter.org/sighting/6388","limitations":"Photo-associated occurrence; not meadow extent, absence evidence, condition, permanence, or representative sampling.","observation_id":"b53c4cb5-0ee5-45cd-9e18-9926ae7bcdd1","scientific_name":"Syringodium isoetifolium","scientific_status":"direct_observation"},"type":"Feature"},{"geometry":{"coordinates":[4.849144,43.383112],"type":"Point"},"id":"b61e306c-edfa-4e00-8676-8dfc80d342d8","properties":{"basis_of_record":"HumanObservation","coordinate_uncertainty_m":30,"country":"France","event_date":"2024-05-16","evidence_url":"https://seagrassspotter.org/sighting/10240","limitations":"Photo-associated occurrence; not meadow extent, absence evidence, condition, permanence, or representative sampling.","observation_id":"b61e306c-edfa-4e00-8676-8dfc80d342d8","scientific_name":"Cymodocea nodosa","scientific_status":"direct_observation"},"type":"Feature"},{"geometry":{"coordinates":[-82.72799,28.495815],"type":"Point"},"id":"b6247b0a-67f1-4199-b537-a09fc9286141","properties":{"basis_of_record":"HumanObservation","coordinate_uncertainty_m":5,"country":"United States","event_date":"2021-07-13","evidence_url":"https://seagrassspotter.org/sighting/8869","limitations":"Photo-associated occurrence; not meadow extent, absence evidence, condition, permanence, or representative sampling.","observation_id":"b6247b0a-67f1-4199-b537-a09fc9286141","scientific_name":"Thalassia testudinum","scientific_status":"direct_observation"},"type":"Feature"},{"geometry":{"coordinates":[-71.950703,41.278095],"type":"Point"},"id":"b631bc16-1aa7-4834-981a-29ddebc68c9d","properties":{"basis_of_record":"HumanObservation","coordinate_uncertainty_m":2,"country":"United States","event_date":"2023-08-01","evidence_url":"https://seagrassspotter.org/sighting/8303","limitations":"Photo-associated occurrence; not meadow extent, absence evidence, condition, permanence, or representative sampling.","observation_id":"b631bc16-1aa7-4834-981a-29ddebc68c9d","scientific_name":"Zostera marina","scientific_status":"direct_observation"},"type":"Feature"},{"geometry":{"coordinates":[73.362094,5.441563],"type":"Point"},"id":"b6c360d0-fe01-487a-8d15-40075619009f","properties":{"basis_of_record":"HumanObservation","coordinate_uncertainty_m":10,"country":"Maldives","event_date":"2025-04-08","evidence_url":"https://seagrassspotter.org/sighting/9281","limitations":"Photo-associated occurrence; not meadow extent, absence evidence, condition, permanence, or representative sampling.","observation_id":"b6c360d0-fe01-487a-8d15-40075619009f","scientific_name":"Thalassia hemprichii","scientific_status":"direct_observation"},"type":"Feature"},{"geometry":{"coordinates":[115.230852,-8.813174],"type":"Point"},"id":"b6cab226-32a5-4ee1-aeda-d40bdcf9c3f0","properties":{"basis_of_record":"HumanObservation","coordinate_uncertainty_m":500,"country":"Indonesia","event_date":"2021-12-15","evidence_url":"https://seagrassspotter.org/sighting/6725","limitations":"Photo-associated occurrence; not meadow extent, absence evidence, condition, permanence, or representative sampling.","observation_id":"b6cab226-32a5-4ee1-aeda-d40bdcf9c3f0","scientific_name":"Syringodium isoetifolium","scientific_status":"direct_observation"},"type":"Feature"},{"geometry":{"coordinates":[-4.195,50.3575],"type":"Point"},"id":"b6ffa642-af09-4ed0-8b3c-e53bfce31225","properties":{"basis_of_record":"HumanObservation","coordinate_uncertainty_m":1,"country":"United Kingdom","event_date":"2023-10-25","evidence_url":"https://seagrassspotter.org/sighting/7697","limitations":"Photo-associated occurrence; not meadow extent, absence evidence, condition, permanence, or representative sampling.","observation_id":"b6ffa642-af09-4ed0-8b3c-e53bfce31225","scientific_name":"Zostera marina","scientific_status":"direct_observation"},"type":"Feature"},{"geometry":{"coordinates":[125.499806,-8.556101],"type":"Point"},"id":"b71c1fb3-82f7-4c9c-8c68-0004dabbcadc","properties":{"basis_of_record":"HumanObservation","coordinate_uncertainty_m":200,"country":"Timor-Leste","event_date":"2023-03-05","evidence_url":"https://seagrassspotter.org/sighting/6549","limitations":"Photo-associated occurrence; not meadow extent, absence evidence, condition, permanence, or representative sampling.","observation_id":"b71c1fb3-82f7-4c9c-8c68-0004dabbcadc","scientific_name":"Halodule uninervis","scientific_status":"direct_observation"},"type":"Feature"},{"geometry":{"coordinates":[-3.904577,48.673148],"type":"Point"},"id":"b72eabe1-4c0f-44ad-9a01-919b8888a82b","properties":{"basis_of_record":"HumanObservation","coordinate_uncertainty_m":5,"country":"France","event_date":"2025-03-31","evidence_url":"https://seagrassspotter.org/sighting/9059","limitations":"Photo-associated occurrence; not meadow extent, absence evidence, condition, permanence, or representative sampling.","observation_id":"b72eabe1-4c0f-44ad-9a01-919b8888a82b","scientific_name":"Zostera marina","scientific_status":"direct_observation"},"type":"Feature"},{"geometry":{"coordinates":[-70.076744,41.285282],"type":"Point"},"id":"b7767919-990a-48b3-b82c-ae13cabc704a","properties":{"basis_of_record":"HumanObservation","coordinate_uncertainty_m":3,"country":"United States","event_date":"2024-07-30","evidence_url":"https://seagrassspotter.org/sighting/8586","limitations":"Photo-associated occurrence; not meadow extent, absence evidence, condition, permanence, or representative sampling.","observation_id":"b7767919-990a-48b3-b82c-ae13cabc704a","scientific_name":"Zostera marina","scientific_status":"direct_observation"},"type":"Feature"},{"geometry":{"coordinates":[145.218536,-38.349547],"type":"Point"},"id":"ba496228-a285-4f62-b326-504480af5ea5","properties":{"basis_of_record":"HumanObservation","coordinate_uncertainty_m":5,"country":"Australia","event_date":"2022-12-14","evidence_url":"https://seagrassspotter.org/sighting/10345","limitations":"Photo-associated occurrence; not meadow extent, absence evidence, condition, permanence, or representative sampling.","observation_id":"ba496228-a285-4f62-b326-504480af5ea5","scientific_name":"Zostera muelleri","scientific_status":"direct_observation"},"type":"Feature"},{"geometry":{"coordinates":[-17.025848,21.041975],"type":"Point"},"id":"ba4bc075-7739-4e82-a7e0-eb4f2a72b496","properties":{"basis_of_record":"HumanObservation","coordinate_uncertainty_m":10,"country":"Mauritania","event_date":"2021-08-22","evidence_url":"https://seagrassspotter.org/sighting/4031","limitations":"Photo-associated occurrence; not meadow extent, absence evidence, condition, permanence, or representative sampling.","observation_id":"ba4bc075-7739-4e82-a7e0-eb4f2a72b496","scientific_name":"Zostera noltii","scientific_status":"direct_observation"},"type":"Feature"},{"geometry":{"coordinates":[41.245397,-2.040842],"type":"Point"},"id":"bac3e368-1a97-42f8-b587-55d3cfe25a77","properties":{"basis_of_record":"HumanObservation","coordinate_uncertainty_m":1000,"country":"Kenya","event_date":"2021-11-21","evidence_url":"https://seagrassspotter.org/sighting/4138","limitations":"Photo-associated occurrence; not meadow extent, absence evidence, condition, permanence, or representative sampling.","observation_id":"bac3e368-1a97-42f8-b587-55d3cfe25a77","scientific_name":"Thalassodendron ciliatum","scientific_status":"direct_observation"},"type":"Feature"},{"geometry":{"coordinates":[-2.462807,50.593512],"type":"Point"},"id":"bb15386c-5060-4e85-b3f6-55ad9ade1ab4","properties":{"basis_of_record":"HumanObservation","coordinate_uncertainty_m":1000,"country":"United Kingdom","event_date":"2022-01-22","evidence_url":"https://seagrassspotter.org/sighting/4272","limitations":"Photo-associated occurrence; not meadow extent, absence evidence, condition, permanence, or representative sampling.","observation_id":"bb15386c-5060-4e85-b3f6-55ad9ade1ab4","scientific_name":"Zostera marina","scientific_status":"direct_observation"},"type":"Feature"},{"geometry":{"coordinates":[-2.86,47.6028],"type":"Point"},"id":"bbd95a2e-cd15-463c-9c76-48a7e2471168","properties":{"basis_of_record":"HumanObservation","coordinate_uncertainty_m":1,"country":"France","event_date":"2023-05-17","evidence_url":"https://seagrassspotter.org/sighting/7315","limitations":"Photo-associated occurrence; not meadow extent, absence evidence, condition, permanence, or representative sampling.","observation_id":"bbd95a2e-cd15-463c-9c76-48a7e2471168","scientific_name":"Zostera marina","scientific_status":"direct_observation"},"type":"Feature"},{"geometry":{"coordinates":[10.20955,56.135961],"type":"Point"},"id":"bc5881aa-09c4-47f3-a136-4b74c5986f2a","properties":{"basis_of_record":"HumanObservation","coordinate_uncertainty_m":23,"country":"Denmark","event_date":"2025-12-06","evidence_url":"https://seagrassspotter.org/sighting/10956","limitations":"Photo-associated occurrence; not meadow extent, absence evidence, condition, permanence, or representative sampling.","observation_id":"bc5881aa-09c4-47f3-a136-4b74c5986f2a","scientific_name":"Zostera marina","scientific_status":"direct_observation"},"type":"Feature"},{"geometry":{"coordinates":[-3.514523,56.001893],"type":"Point"},"id":"bc67ce52-a647-4796-b5cb-26e0943c6fd4","properties":{"basis_of_record":"HumanObservation","coordinate_uncertainty_m":4,"country":"United Kingdom","event_date":"2022-06-07","evidence_url":"https://seagrassspotter.org/sighting/4803","limitations":"Photo-associated occurrence; not meadow extent, absence evidence, condition, permanence, or representative sampling.","observation_id":"bc67ce52-a647-4796-b5cb-26e0943c6fd4","scientific_name":"Zostera noltii","scientific_status":"direct_observation"},"type":"Feature"},{"geometry":{"coordinates":[33.692597,35.375154],"type":"Point"},"id":"bc9c3104-7f0f-4a90-ad43-2cc97d1f3b5f","properties":{"basis_of_record":"HumanObservation","coordinate_uncertainty_m":10,"country":"Cyprus","event_date":"2024-10-28","evidence_url":"https://seagrassspotter.org/sighting/8772","limitations":"Photo-associated occurrence; not meadow extent, absence evidence, condition, permanence, or representative sampling.","observation_id":"bc9c3104-7f0f-4a90-ad43-2cc97d1f3b5f","scientific_name":"Posidonia oceanica","scientific_status":"direct_observation"},"type":"Feature"},{"geometry":{"coordinates":[-117.245437,32.77139],"type":"Point"},"id":"bcdc4b6d-23af-4f81-956b-510c9935442f","properties":{"basis_of_record":"HumanObservation","coordinate_uncertainty_m":1000,"country":"United States","event_date":"2023-08-30","evidence_url":"https://seagrassspotter.org/sighting/7369","limitations":"Photo-associated occurrence; not meadow extent, absence evidence, condition, permanence, or representative sampling.","observation_id":"bcdc4b6d-23af-4f81-956b-510c9935442f","scientific_name":"Zostera marina","scientific_status":"direct_observation"},"type":"Feature"},{"geometry":{"coordinates":[103.645508,1.386709],"type":"Point"},"id":"bdbc7dc3-52be-4d83-9c64-19b6573b272c","properties":{"basis_of_record":"HumanObservation","coordinate_uncertainty_m":10,"country":"Malaysia","event_date":"2023-10-01","evidence_url":"https://seagrassspotter.org/sighting/7800","limitations":"Photo-associated occurrence; not meadow extent, absence evidence, condition, permanence, or representative sampling.","observation_id":"bdbc7dc3-52be-4d83-9c64-19b6573b272c","scientific_name":"Halophila decipiens","scientific_status":"direct_observation"},"type":"Feature"},{"geometry":{"coordinates":[-4.946879,51.696565],"type":"Point"},"id":"be1000ee-0d14-4df7-bf15-d16ae038086b","properties":{"basis_of_record":"HumanObservation","coordinate_uncertainty_m":5,"country":"United Kingdom","event_date":"2025-07-08","evidence_url":"https://seagrassspotter.org/sighting/9555","limitations":"Photo-associated occurrence; not meadow extent, absence evidence, condition, permanence, or representative sampling.","observation_id":"be1000ee-0d14-4df7-bf15-d16ae038086b","scientific_name":"Zostera noltii","scientific_status":"direct_observation"},"type":"Feature"},{"geometry":{"coordinates":[112.514163,-8.401864],"type":"Point"},"id":"be3d88c0-375f-4c0f-8caf-fe9418c4a9f3","properties":{"basis_of_record":"HumanObservation","coordinate_uncertainty_m":10,"country":"Indonesia","event_date":"2025-04-12","evidence_url":"https://seagrassspotter.org/sighting/9217","limitations":"Photo-associated occurrence; not meadow extent, absence evidence, condition, permanence, or representative sampling.","observation_id":"be3d88c0-375f-4c0f-8caf-fe9418c4a9f3","scientific_name":"Syringodium isoetifolium","scientific_status":"direct_observation"},"type":"Feature"},{"geometry":{"coordinates":[-6.265909,55.765599],"type":"Point"},"id":"be8a0764-0350-44ab-9d5f-d3057243cc97","properties":{"basis_of_record":"HumanObservation","coordinate_uncertainty_m":6,"country":"United Kingdom","event_date":"2024-06-07","evidence_url":"https://seagrassspotter.org/sighting/8215","limitations":"Photo-associated occurrence; not meadow extent, absence evidence, condition, permanence, or representative sampling.","observation_id":"be8a0764-0350-44ab-9d5f-d3057243cc97","scientific_name":"Zostera noltii","scientific_status":"direct_observation"},"type":"Feature"},{"geometry":{"coordinates":[153.04858,-25.813293],"type":"Point"},"id":"bebbce59-1191-4638-9883-beaea01e6bf7","properties":{"basis_of_record":"HumanObservation","coordinate_uncertainty_m":3,"country":"Australia","event_date":"2025-11-10","evidence_url":"https://seagrassspotter.org/sighting/10922","limitations":"Photo-associated occurrence; not meadow extent, absence evidence, condition, permanence, or representative sampling.","observation_id":"bebbce59-1191-4638-9883-beaea01e6bf7","scientific_name":"Halophila ovalis","scientific_status":"direct_observation"},"type":"Feature"},{"geometry":{"coordinates":[99.3093,7.37636],"type":"Point"},"id":"bed1c9da-efe6-4d7a-918f-515bec44386d","properties":{"basis_of_record":"HumanObservation","coordinate_uncertainty_m":1,"country":"Thailand","event_date":"2023-03-24","evidence_url":"https://seagrassspotter.org/sighting/6790","limitations":"Photo-associated occurrence; not meadow extent, absence evidence, condition, permanence, or representative sampling.","observation_id":"bed1c9da-efe6-4d7a-918f-515bec44386d","scientific_name":"Enhalus acoroides","scientific_status":"direct_observation"},"type":"Feature"},{"geometry":{"coordinates":[11.903494,57.594459],"type":"Point"},"id":"bf628bac-7f1a-4940-8b34-d8b4ae9b27a5","properties":{"basis_of_record":"HumanObservation","coordinate_uncertainty_m":10,"country":"Sweden","event_date":"2022-08-13","evidence_url":"https://seagrassspotter.org/sighting/5396","limitations":"Photo-associated occurrence; not meadow extent, absence evidence, condition, permanence, or representative sampling.","observation_id":"bf628bac-7f1a-4940-8b34-d8b4ae9b27a5","scientific_name":"Zostera marina","scientific_status":"direct_observation"},"type":"Feature"},{"geometry":{"coordinates":[99.31153,7.37506],"type":"Point"},"id":"bf6cba67-0885-4964-97f6-ae46a550c31f","properties":{"basis_of_record":"HumanObservation","coordinate_uncertainty_m":1,"country":"Thailand","event_date":"2022-11-11","evidence_url":"https://seagrassspotter.org/sighting/5977","limitations":"Photo-associated occurrence; not meadow extent, absence evidence, condition, permanence, or representative sampling.","observation_id":"bf6cba67-0885-4964-97f6-ae46a550c31f","scientific_name":"Thalassia hemprichii","scientific_status":"direct_observation"},"type":"Feature"},{"geometry":{"coordinates":[-0.228101,38.503759],"type":"Point"},"id":"c012c186-b609-42b0-96de-85aa17686f52","properties":{"basis_of_record":"HumanObservation","coordinate_uncertainty_m":100,"country":"Spain","event_date":"2023-10-01","evidence_url":"https://seagrassspotter.org/sighting/7529","limitations":"Photo-associated occurrence; not meadow extent, absence evidence, condition, permanence, or representative sampling.","observation_id":"c012c186-b609-42b0-96de-85aa17686f52","scientific_name":"Posidonia oceanica","scientific_status":"direct_observation"},"type":"Feature"},{"geometry":{"coordinates":[15.234521,37.237363],"type":"Point"},"id":"c06985af-2457-4328-b6f6-2e4916f243ef","properties":{"basis_of_record":"HumanObservation","coordinate_uncertainty_m":10,"country":"Italy","event_date":"2025-04-29","evidence_url":"https://seagrassspotter.org/sighting/9390","limitations":"Photo-associated occurrence; not meadow extent, absence evidence, condition, permanence, or representative sampling.","observation_id":"c06985af-2457-4328-b6f6-2e4916f243ef","scientific_name":"Posidonia oceanica","scientific_status":"direct_observation"},"type":"Feature"},{"geometry":{"coordinates":[105.696755,2.989024],"type":"Point"},"id":"c0d17462-d9ea-492c-802c-d04f1d7d91b3","properties":{"basis_of_record":"HumanObservation","coordinate_uncertainty_m":1,"country":"Indonesia","event_date":"2025-06-01","evidence_url":"https://seagrassspotter.org/sighting/9392","limitations":"Photo-associated occurrence; not meadow extent, absence evidence, condition, permanence, or representative sampling.","observation_id":"c0d17462-d9ea-492c-802c-d04f1d7d91b3","scientific_name":"Halophila ovalis","scientific_status":"direct_observation"},"type":"Feature"},{"geometry":{"coordinates":[99.30682,7.37742],"type":"Point"},"id":"c0e45170-4663-490d-ac02-2ad007cc9a33","properties":{"basis_of_record":"HumanObservation","coordinate_uncertainty_m":1,"country":"Thailand","event_date":"2022-11-12","evidence_url":"https://seagrassspotter.org/sighting/6016","limitations":"Photo-associated occurrence; not meadow extent, absence evidence, condition, permanence, or representative sampling.","observation_id":"c0e45170-4663-490d-ac02-2ad007cc9a33","scientific_name":"Halophila ovalis","scientific_status":"direct_observation"},"type":"Feature"},{"geometry":{"coordinates":[-4.147898,51.652708],"type":"Point"},"id":"c10cf9d8-7fde-4d51-a9a9-3c7147c61e66","properties":{"basis_of_record":"HumanObservation","coordinate_uncertainty_m":29,"country":"United Kingdom","event_date":"2023-01-20","evidence_url":"https://seagrassspotter.org/sighting/6164","limitations":"Photo-associated occurrence; not meadow extent, absence evidence, condition, permanence, or representative sampling.","observation_id":"c10cf9d8-7fde-4d51-a9a9-3c7147c61e66","scientific_name":"Zostera noltii","scientific_status":"direct_observation"},"type":"Feature"},{"geometry":{"coordinates":[-80.162147,27.189923],"type":"Point"},"id":"c19cbfd9-df72-437d-b0ce-d8fbc13ce1a5","properties":{"basis_of_record":"HumanObservation","coordinate_uncertainty_m":5,"country":"United States","event_date":"2024-11-04","evidence_url":"https://seagrassspotter.org/sighting/8719","limitations":"Photo-associated occurrence; not meadow extent, absence evidence, condition, permanence, or representative sampling.","observation_id":"c19cbfd9-df72-437d-b0ce-d8fbc13ce1a5","scientific_name":"Syringodium filiforme","scientific_status":"direct_observation"},"type":"Feature"},{"geometry":{"coordinates":[119.38337,10.24887],"type":"Point"},"id":"c1a464e3-7d02-4c2f-b445-518fdc2b9861","properties":{"basis_of_record":"HumanObservation","coordinate_uncertainty_m":1,"country":"Philippines","event_date":"2022-10-15","evidence_url":"https://seagrassspotter.org/sighting/5923","limitations":"Photo-associated occurrence; not meadow extent, absence evidence, condition, permanence, or representative sampling.","observation_id":"c1a464e3-7d02-4c2f-b445-518fdc2b9861","scientific_name":"Enhalus acoroides","scientific_status":"direct_observation"},"type":"Feature"},{"geometry":{"coordinates":[-9.025936,32.745658],"type":"Point"},"id":"c288caba-3537-42be-9f98-f35cad6835b6","properties":{"basis_of_record":"HumanObservation","coordinate_uncertainty_m":1,"country":"Morocco","event_date":"2025-05-03","evidence_url":"https://seagrassspotter.org/sighting/9324","limitations":"Photo-associated occurrence; not meadow extent, absence evidence, condition, permanence, or representative sampling.","observation_id":"c288caba-3537-42be-9f98-f35cad6835b6","scientific_name":"Zostera noltii","scientific_status":"direct_observation"},"type":"Feature"},{"geometry":{"coordinates":[-4.577192,53.320583],"type":"Point"},"id":"c288e96b-0658-4189-b0fe-0b629f6a1669","properties":{"basis_of_record":"HumanObservation","coordinate_uncertainty_m":500,"country":"United Kingdom","event_date":"2025-02-27","evidence_url":"https://seagrassspotter.org/sighting/8960","limitations":"Photo-associated occurrence; not meadow extent, absence evidence, condition, permanence, or representative sampling.","observation_id":"c288e96b-0658-4189-b0fe-0b629f6a1669","scientific_name":"Zostera marina","scientific_status":"direct_observation"},"type":"Feature"},{"geometry":{"coordinates":[14.021627,40.755245],"type":"Point"},"id":"c29e9823-f2b0-47cc-a22d-57312373d5ab","properties":{"basis_of_record":"HumanObservation","coordinate_uncertainty_m":10,"country":"Italy","event_date":"2024-06-21","evidence_url":"https://seagrassspotter.org/sighting/10098","limitations":"Photo-associated occurrence; not meadow extent, absence evidence, condition, permanence, or representative sampling.","observation_id":"c29e9823-f2b0-47cc-a22d-57312373d5ab","scientific_name":"Posidonia oceanica","scientific_status":"direct_observation"},"type":"Feature"},{"geometry":{"coordinates":[148.480369,-20.069981],"type":"Point"},"id":"c2a38908-19be-46df-a3b5-df4162e2bcdb","properties":{"basis_of_record":"HumanObservation","coordinate_uncertainty_m":100,"country":"Australia","event_date":"2022-04-25","evidence_url":"https://seagrassspotter.org/sighting/4190","limitations":"Photo-associated occurrence; not meadow extent, absence evidence, condition, permanence, or representative sampling.","observation_id":"c2a38908-19be-46df-a3b5-df4162e2bcdb","scientific_name":"Halodule uninervis","scientific_status":"direct_observation"},"type":"Feature"},{"geometry":{"coordinates":[12.565084,56.444605],"type":"Point"},"id":"c3882116-1d7c-47cc-923e-051e9de1f36c","properties":{"basis_of_record":"HumanObservation","coordinate_uncertainty_m":1,"country":"Sweden","event_date":"2025-07-17","evidence_url":"https://seagrassspotter.org/sighting/10594","limitations":"Photo-associated occurrence; not meadow extent, absence evidence, condition, permanence, or representative sampling.","observation_id":"c3882116-1d7c-47cc-923e-051e9de1f36c","scientific_name":"Zostera marina","scientific_status":"direct_observation"},"type":"Feature"},{"geometry":{"coordinates":[125.69322,-8.5325],"type":"Point"},"id":"c47fa092-2f5f-4c84-be90-e2c4360a2e69","properties":{"basis_of_record":"HumanObservation","coordinate_uncertainty_m":1,"country":"Timor-Leste","event_date":"2023-03-08","evidence_url":"https://seagrassspotter.org/sighting/6515","limitations":"Photo-associated occurrence; not meadow extent, absence evidence, condition, permanence, or representative sampling.","observation_id":"c47fa092-2f5f-4c84-be90-e2c4360a2e69","scientific_name":"Enhalus acoroides","scientific_status":"direct_observation"},"type":"Feature"},{"geometry":{"coordinates":[9.864044,58.974007],"type":"Point"},"id":"c486bf35-93ce-4c58-9b39-871becca2e06","properties":{"basis_of_record":"HumanObservation","coordinate_uncertainty_m":1,"country":"Norway","event_date":"2025-10-27","evidence_url":"https://seagrassspotter.org/sighting/10689","limitations":"Photo-associated occurrence; not meadow extent, absence evidence, condition, permanence, or representative sampling.","observation_id":"c486bf35-93ce-4c58-9b39-871becca2e06","scientific_name":"Zostera marina","scientific_status":"direct_observation"},"type":"Feature"},{"geometry":{"coordinates":[103.83382,2.47424],"type":"Point"},"id":"c58c35d8-c2b5-44f1-8818-ed363d21ba95","properties":{"basis_of_record":"HumanObservation","coordinate_uncertainty_m":1,"country":"Malaysia","event_date":"2022-07-23","evidence_url":"https://seagrassspotter.org/sighting/5065","limitations":"Photo-associated occurrence; not meadow extent, absence evidence, condition, permanence, or representative sampling.","observation_id":"c58c35d8-c2b5-44f1-8818-ed363d21ba95","scientific_name":"Cymodocea rotundata","scientific_status":"direct_observation"},"type":"Feature"},{"geometry":{"coordinates":[0.805473,51.531506],"type":"Point"},"id":"c5fa96a9-ad95-4573-a7e1-afcf3401d5c7","properties":{"basis_of_record":"HumanObservation","coordinate_uncertainty_m":1000,"country":"United Kingdom","event_date":"2023-06-15","evidence_url":"https://seagrassspotter.org/sighting/7125","limitations":"Photo-associated occurrence; not meadow extent, absence evidence, condition, permanence, or representative sampling.","observation_id":"c5fa96a9-ad95-4573-a7e1-afcf3401d5c7","scientific_name":"Zostera noltii","scientific_status":"direct_observation"},"type":"Feature"},{"geometry":{"coordinates":[103.83368,2.47409],"type":"Point"},"id":"c6dd4e41-5b9f-454a-aa76-775426028b49","properties":{"basis_of_record":"HumanObservation","coordinate_uncertainty_m":500,"country":"Malaysia","event_date":"2022-07-23","evidence_url":"https://seagrassspotter.org/sighting/5106","limitations":"Photo-associated occurrence; not meadow extent, absence evidence, condition, permanence, or representative sampling.","observation_id":"c6dd4e41-5b9f-454a-aa76-775426028b49","scientific_name":"Thalassia hemprichii","scientific_status":"direct_observation"},"type":"Feature"},{"geometry":{"coordinates":[39.177638,-6.271968],"type":"Point"},"id":"c6f620b6-d26c-4466-a3df-2fcbde0b78fd","properties":{"basis_of_record":"HumanObservation","coordinate_uncertainty_m":20,"country":"Tanzania","event_date":"2024-03-13","evidence_url":"https://seagrassspotter.org/sighting/8099","limitations":"Photo-associated occurrence; not meadow extent, absence evidence, condition, permanence, or representative sampling.","observation_id":"c6f620b6-d26c-4466-a3df-2fcbde0b78fd","scientific_name":"Thalassia hemprichii","scientific_status":"direct_observation"},"type":"Feature"},{"geometry":{"coordinates":[-4.134222,51.655463],"type":"Point"},"id":"c8e8c814-a3d5-497d-91a1-5bee4cecab07","properties":{"basis_of_record":"HumanObservation","coordinate_uncertainty_m":4,"country":"United Kingdom","event_date":"2024-01-27","evidence_url":"https://seagrassspotter.org/sighting/7850","limitations":"Photo-associated occurrence; not meadow extent, absence evidence, condition, permanence, or representative sampling.","observation_id":"c8e8c814-a3d5-497d-91a1-5bee4cecab07","scientific_name":"Zostera noltii","scientific_status":"direct_observation"},"type":"Feature"},{"geometry":{"coordinates":[72.879788,5.037624],"type":"Point"},"id":"c97744f1-fb18-4965-afc8-b2bd52386ecc","properties":{"basis_of_record":"HumanObservation","coordinate_uncertainty_m":10,"country":"Maldives","event_date":"2024-05-15","evidence_url":"https://seagrassspotter.org/sighting/8130","limitations":"Photo-associated occurrence; not meadow extent, absence evidence, condition, permanence, or representative sampling.","observation_id":"c97744f1-fb18-4965-afc8-b2bd52386ecc","scientific_name":"Halodule pinifolia","scientific_status":"direct_observation"},"type":"Feature"},{"geometry":{"coordinates":[123.702292,-5.487805],"type":"Point"},"id":"c9f22b85-13f1-481a-9381-05286cb7ea50","properties":{"basis_of_record":"HumanObservation","coordinate_uncertainty_m":5,"country":"Indonesia","event_date":"2025-03-23","evidence_url":"https://seagrassspotter.org/sighting/9020","limitations":"Photo-associated occurrence; not meadow extent, absence evidence, condition, permanence, or representative sampling.","observation_id":"c9f22b85-13f1-481a-9381-05286cb7ea50","scientific_name":"Thalassia hemprichii","scientific_status":"direct_observation"},"type":"Feature"},{"geometry":{"coordinates":[-72.023706,41.251858],"type":"Point"},"id":"ca591b26-558e-4c7e-abf7-6fcdf78a7926","properties":{"basis_of_record":"HumanObservation","coordinate_uncertainty_m":500,"country":"United States","event_date":"2024-06-19","evidence_url":"https://seagrassspotter.org/sighting/8302","limitations":"Photo-associated occurrence; not meadow extent, absence evidence, condition, permanence, or representative sampling.","observation_id":"ca591b26-558e-4c7e-abf7-6fcdf78a7926","scientific_name":"Zostera marina","scientific_status":"direct_observation"},"type":"Feature"},{"geometry":{"coordinates":[-5.634354,56.288863],"type":"Point"},"id":"ca6999a8-2433-4d37-bf59-13512868ac86","properties":{"basis_of_record":"HumanObservation","coordinate_uncertainty_m":1000,"country":"United Kingdom","event_date":"2022-08-12","evidence_url":"https://seagrassspotter.org/sighting/5389","limitations":"Photo-associated occurrence; not meadow extent, absence evidence, condition, permanence, or representative sampling.","observation_id":"ca6999a8-2433-4d37-bf59-13512868ac86","scientific_name":"Zostera marina","scientific_status":"direct_observation"},"type":"Feature"},{"geometry":{"coordinates":[145.264263,-15.24236],"type":"Point"},"id":"ca7dd58c-19d7-47dd-8bc1-447c11e9326c","properties":{"basis_of_record":"HumanObservation","coordinate_uncertainty_m":1000,"country":"Australia","event_date":"2023-07-07","evidence_url":"https://seagrassspotter.org/sighting/7275","limitations":"Photo-associated occurrence; not meadow extent, absence evidence, condition, permanence, or representative sampling.","observation_id":"ca7dd58c-19d7-47dd-8bc1-447c11e9326c","scientific_name":"Syringodium isoetifolium","scientific_status":"direct_observation"},"type":"Feature"},{"geometry":{"coordinates":[10.374597,42.719964],"type":"Point"},"id":"cc896370-4b7f-4c6b-a3bb-a6b6640d9316","properties":{"basis_of_record":"HumanObservation","coordinate_uncertainty_m":50,"country":"Italy","event_date":"2025-08-07","evidence_url":"https://seagrassspotter.org/sighting/10113","limitations":"Photo-associated occurrence; not meadow extent, absence evidence, condition, permanence, or representative sampling.","observation_id":"cc896370-4b7f-4c6b-a3bb-a6b6640d9316","scientific_name":"Posidonia oceanica","scientific_status":"direct_observation"},"type":"Feature"},{"geometry":{"coordinates":[40.133401,-3.258158],"type":"Point"},"id":"ccb95774-5202-44cb-a585-8bfb543957c6","properties":{"basis_of_record":"HumanObservation","coordinate_uncertainty_m":1000,"country":"Kenya","event_date":"2023-01-01","evidence_url":"https://seagrassspotter.org/sighting/6155","limitations":"Photo-associated occurrence; not meadow extent, absence evidence, condition, permanence, or representative sampling.","observation_id":"ccb95774-5202-44cb-a585-8bfb543957c6","scientific_name":"Thalassodendron ciliatum","scientific_status":"direct_observation"},"type":"Feature"},{"geometry":{"coordinates":[147.602879,-19.75171],"type":"Point"},"id":"cccba633-042a-4559-93ba-7dc6cf8dd8b1","properties":{"basis_of_record":"HumanObservation","coordinate_uncertainty_m":100,"country":"Australia","event_date":"2025-11-05","evidence_url":"https://seagrassspotter.org/sighting/10921","limitations":"Photo-associated occurrence; not meadow extent, absence evidence, condition, permanence, or representative sampling.","observation_id":"cccba633-042a-4559-93ba-7dc6cf8dd8b1","scientific_name":"Halodule uninervis","scientific_status":"direct_observation"},"type":"Feature"},{"geometry":{"coordinates":[124.010457,10.237487],"type":"Point"},"id":"ccd72c92-d3dd-434f-b052-d3a9019fffba","properties":{"basis_of_record":"HumanObservation","coordinate_uncertainty_m":10,"country":"Philippines","event_date":"2025-06-05","evidence_url":"https://seagrassspotter.org/sighting/9510","limitations":"Photo-associated occurrence; not meadow extent, absence evidence, condition, permanence, or representative sampling.","observation_id":"ccd72c92-d3dd-434f-b052-d3a9019fffba","scientific_name":"Enhalus acoroides","scientific_status":"direct_observation"},"type":"Feature"},{"geometry":{"coordinates":[125.63584,-8.1858],"type":"Point"},"id":"ce8bdd62-fdf2-4aed-b576-331e8166bea6","properties":{"basis_of_record":"HumanObservation","coordinate_uncertainty_m":1,"country":"Timor-Leste","event_date":"2023-03-13","evidence_url":"https://seagrassspotter.org/sighting/6602","limitations":"Photo-associated occurrence; not meadow extent, absence evidence, condition, permanence, or representative sampling.","observation_id":"ce8bdd62-fdf2-4aed-b576-331e8166bea6","scientific_name":"Enhalus acoroides","scientific_status":"direct_observation"},"type":"Feature"},{"geometry":{"coordinates":[150.888013,-23.062279],"type":"Point"},"id":"cf1695ba-a16b-4b28-ae56-23e4dbd4f3c4","properties":{"basis_of_record":"HumanObservation","coordinate_uncertainty_m":5,"country":"Australia","event_date":"2025-04-11","evidence_url":"https://seagrassspotter.org/sighting/9215","limitations":"Photo-associated occurrence; not meadow extent, absence evidence, condition, permanence, or representative sampling.","observation_id":"cf1695ba-a16b-4b28-ae56-23e4dbd4f3c4","scientific_name":"Halodule uninervis","scientific_status":"direct_observation"},"type":"Feature"},{"geometry":{"coordinates":[125.022141,1.705392],"type":"Point"},"id":"cf45d2f3-b51e-4a38-a61a-436ec434961d","properties":{"basis_of_record":"HumanObservation","coordinate_uncertainty_m":50,"country":"Indonesia","event_date":"2022-07-30","evidence_url":"https://seagrassspotter.org/sighting/5347","limitations":"Photo-associated occurrence; not meadow extent, absence evidence, condition, permanence, or representative sampling.","observation_id":"cf45d2f3-b51e-4a38-a61a-436ec434961d","scientific_name":"Enhalus acoroides","scientific_status":"direct_observation"},"type":"Feature"},{"geometry":{"coordinates":[105.228105,-5.685826],"type":"Point"},"id":"cf5cede3-3b05-408f-b3e1-863305d5a67e","properties":{"basis_of_record":"HumanObservation","coordinate_uncertainty_m":4,"country":"Indonesia","event_date":"2024-07-10","evidence_url":"https://seagrassspotter.org/sighting/8351","limitations":"Photo-associated occurrence; not meadow extent, absence evidence, condition, permanence, or representative sampling.","observation_id":"cf5cede3-3b05-408f-b3e1-863305d5a67e","scientific_name":"Thalassia hemprichii","scientific_status":"direct_observation"},"type":"Feature"},{"geometry":{"coordinates":[10.169944,54.387533],"type":"Point"},"id":"cf90b4ec-2254-4324-8227-52bf8cf7901f","properties":{"basis_of_record":"HumanObservation","coordinate_uncertainty_m":10,"country":"Germany","event_date":"2021-09-03","evidence_url":"https://seagrassspotter.org/sighting/4089","limitations":"Photo-associated occurrence; not meadow extent, absence evidence, condition, permanence, or representative sampling.","observation_id":"cf90b4ec-2254-4324-8227-52bf8cf7901f","scientific_name":"Zostera marina","scientific_status":"direct_observation"},"type":"Feature"},{"geometry":{"coordinates":[99.31103,7.37623],"type":"Point"},"id":"cf954971-9aae-40c9-a863-6a5405f85ac0","properties":{"basis_of_record":"HumanObservation","coordinate_uncertainty_m":1,"country":"Thailand","event_date":"2023-03-24","evidence_url":"https://seagrassspotter.org/sighting/6832","limitations":"Photo-associated occurrence; not meadow extent, absence evidence, condition, permanence, or representative sampling.","observation_id":"cf954971-9aae-40c9-a863-6a5405f85ac0","scientific_name":"Halodule uninervis","scientific_status":"direct_observation"},"type":"Feature"},{"geometry":{"coordinates":[-3.192118,54.088627],"type":"Point"},"id":"cff8ca0c-f707-4acc-8402-757a07d1de00","properties":{"basis_of_record":"HumanObservation","coordinate_uncertainty_m":500,"country":"United Kingdom","event_date":"2021-07-03","evidence_url":"https://seagrassspotter.org/sighting/3962","limitations":"Photo-associated occurrence; not meadow extent, absence evidence, condition, permanence, or representative sampling.","observation_id":"cff8ca0c-f707-4acc-8402-757a07d1de00","scientific_name":"Zostera noltii","scientific_status":"direct_observation"},"type":"Feature"},{"geometry":{"coordinates":[-97.451192,21.339228],"type":"Point"},"id":"d006fb4b-98b1-4a07-95de-3ef7c0110349","properties":{"basis_of_record":"HumanObservation","coordinate_uncertainty_m":1,"country":"Mexico","event_date":"2021-06-21","evidence_url":"https://seagrassspotter.org/sighting/7829","limitations":"Photo-associated occurrence; not meadow extent, absence evidence, condition, permanence, or representative sampling.","observation_id":"d006fb4b-98b1-4a07-95de-3ef7c0110349","scientific_name":"Syringodium filiforme","scientific_status":"direct_observation"},"type":"Feature"},{"geometry":{"coordinates":[145.27314,-40.790336],"type":"Point"},"id":"d0870727-0a8a-4e80-9578-ab14c640611d","properties":{"basis_of_record":"HumanObservation","coordinate_uncertainty_m":5,"country":"Australia","event_date":"2025-02-04","evidence_url":"https://seagrassspotter.org/sighting/8926","limitations":"Photo-associated occurrence; not meadow extent, absence evidence, condition, permanence, or representative sampling.","observation_id":"d0870727-0a8a-4e80-9578-ab14c640611d","scientific_name":"Zostera muelleri","scientific_status":"direct_observation"},"type":"Feature"},{"geometry":{"coordinates":[170.600009,-45.857811],"type":"Point"},"id":"d0b10889-1d05-4bc0-8117-ab104d3bc62f","properties":{"basis_of_record":"HumanObservation","coordinate_uncertainty_m":10,"country":"New Zealand","event_date":"2025-06-13","evidence_url":"https://seagrassspotter.org/sighting/9512","limitations":"Photo-associated occurrence; not meadow extent, absence evidence, condition, permanence, or representative sampling.","observation_id":"d0b10889-1d05-4bc0-8117-ab104d3bc62f","scientific_name":"Zostera muelleri","scientific_status":"direct_observation"},"type":"Feature"},{"geometry":{"coordinates":[124.459733,8.624597],"type":"Point"},"id":"d13c8580-2b27-4400-b086-9c081bd9ed6c","properties":{"basis_of_record":"HumanObservation","coordinate_uncertainty_m":500,"country":"Philippines","event_date":"2025-07-22","evidence_url":"https://seagrassspotter.org/sighting/10675","limitations":"Photo-associated occurrence; not meadow extent, absence evidence, condition, permanence, or representative sampling.","observation_id":"d13c8580-2b27-4400-b086-9c081bd9ed6c","scientific_name":"Thalassia hemprichii","scientific_status":"direct_observation"},"type":"Feature"},{"geometry":{"coordinates":[125.022573,1.705388],"type":"Point"},"id":"d17338be-9d0d-4cbf-b9fb-73e2560baf1a","properties":{"basis_of_record":"HumanObservation","coordinate_uncertainty_m":100,"country":"Indonesia","event_date":"2022-07-31","evidence_url":"https://seagrassspotter.org/sighting/5418","limitations":"Photo-associated occurrence; not meadow extent, absence evidence, condition, permanence, or representative sampling.","observation_id":"d17338be-9d0d-4cbf-b9fb-73e2560baf1a","scientific_name":"Halophila ovalis","scientific_status":"direct_observation"},"type":"Feature"},{"geometry":{"coordinates":[148.267714,-19.989959],"type":"Point"},"id":"d220f53b-8dc9-4948-aa3b-c293a16c6048","properties":{"basis_of_record":"HumanObservation","coordinate_uncertainty_m":100,"country":"Australia","event_date":"2021-12-17","evidence_url":"https://seagrassspotter.org/sighting/4165","limitations":"Photo-associated occurrence; not meadow extent, absence evidence, condition, permanence, or representative sampling.","observation_id":"d220f53b-8dc9-4948-aa3b-c293a16c6048","scientific_name":"Halodule uninervis","scientific_status":"direct_observation"},"type":"Feature"},{"geometry":{"coordinates":[149.084874,-20.524896],"type":"Point"},"id":"d228e9c9-c99b-4bc3-9b65-ffa13f8b9e24","properties":{"basis_of_record":"HumanObservation","coordinate_uncertainty_m":100,"country":"Australia","event_date":"2021-10-12","evidence_url":"https://seagrassspotter.org/sighting/4258","limitations":"Photo-associated occurrence; not meadow extent, absence evidence, condition, permanence, or representative sampling.","observation_id":"d228e9c9-c99b-4bc3-9b65-ffa13f8b9e24","scientific_name":"Halodule uninervis","scientific_status":"direct_observation"},"type":"Feature"},{"geometry":{"coordinates":[-5.685715,57.57454],"type":"Point"},"id":"d22a0962-f915-4c61-9092-2d9f788d27d7","properties":{"basis_of_record":"HumanObservation","coordinate_uncertainty_m":10,"country":"United Kingdom","event_date":"2024-08-18","evidence_url":"https://seagrassspotter.org/sighting/8473","limitations":"Photo-associated occurrence; not meadow extent, absence evidence, condition, permanence, or representative sampling.","observation_id":"d22a0962-f915-4c61-9092-2d9f788d27d7","scientific_name":"Zostera marina","scientific_status":"direct_observation"},"type":"Feature"},{"geometry":{"coordinates":[123,-8.21978],"type":"Point"},"id":"d2528ac2-948b-4acb-9d65-2e36f1695d72","properties":{"basis_of_record":"HumanObservation","coordinate_uncertainty_m":1,"country":"Indonesia","event_date":"2023-03-13","evidence_url":"https://seagrassspotter.org/sighting/6594","limitations":"Photo-associated occurrence; not meadow extent, absence evidence, condition, permanence, or representative sampling.","observation_id":"d2528ac2-948b-4acb-9d65-2e36f1695d72","scientific_name":"Thalassodendron ciliatum","scientific_status":"direct_observation"},"type":"Feature"},{"geometry":{"coordinates":[53.269983,24.15735],"type":"Point"},"id":"d2f77b6d-db82-4a1e-bb2c-ab7c1694394e","properties":{"basis_of_record":"HumanObservation","coordinate_uncertainty_m":100,"country":"United Arab Emirates","event_date":"2025-03-19","evidence_url":"https://seagrassspotter.org/sighting/10173","limitations":"Photo-associated occurrence; not meadow extent, absence evidence, condition, permanence, or representative sampling.","observation_id":"d2f77b6d-db82-4a1e-bb2c-ab7c1694394e","scientific_name":"Halophila ovalis","scientific_status":"direct_observation"},"type":"Feature"},{"geometry":{"coordinates":[-3.589925,57.646887],"type":"Point"},"id":"d32c8528-89bd-49e3-9267-4ec327ce168d","properties":{"basis_of_record":"HumanObservation","coordinate_uncertainty_m":9,"country":"United Kingdom","event_date":"2024-04-28","evidence_url":"https://seagrassspotter.org/sighting/8067","limitations":"Photo-associated occurrence; not meadow extent, absence evidence, condition, permanence, or representative sampling.","observation_id":"d32c8528-89bd-49e3-9267-4ec327ce168d","scientific_name":"Zostera noltii","scientific_status":"direct_observation"},"type":"Feature"},{"geometry":{"coordinates":[35.49855,-24.071757],"type":"Point"},"id":"d3ba8adc-8f1c-4361-8ada-46a6fe71b8d7","properties":{"basis_of_record":"HumanObservation","coordinate_uncertainty_m":7,"country":"Mozambique","event_date":"2024-08-23","evidence_url":"https://seagrassspotter.org/sighting/8483","limitations":"Photo-associated occurrence; not meadow extent, absence evidence, condition, permanence, or representative sampling.","observation_id":"d3ba8adc-8f1c-4361-8ada-46a6fe71b8d7","scientific_name":"Thalassodendron ciliatum","scientific_status":"direct_observation"},"type":"Feature"},{"geometry":{"coordinates":[152.906023,-25.301875],"type":"Point"},"id":"d4c5990a-92a3-4086-843d-2841b7c49406","properties":{"basis_of_record":"HumanObservation","coordinate_uncertainty_m":3,"country":"Australia","event_date":"2025-11-07","evidence_url":"https://seagrassspotter.org/sighting/10875","limitations":"Photo-associated occurrence; not meadow extent, absence evidence, condition, permanence, or representative sampling.","observation_id":"d4c5990a-92a3-4086-843d-2841b7c49406","scientific_name":"Halophila ovalis","scientific_status":"direct_observation"},"type":"Feature"},{"geometry":{"coordinates":[13.689899,37.994402],"type":"Point"},"id":"d509ee2f-5404-461a-8cc2-39b1ff306db4","properties":{"basis_of_record":"HumanObservation","coordinate_uncertainty_m":20,"country":"Italy","event_date":"2025-05-10","evidence_url":"https://seagrassspotter.org/sighting/9404","limitations":"Photo-associated occurrence; not meadow extent, absence evidence, condition, permanence, or representative sampling.","observation_id":"d509ee2f-5404-461a-8cc2-39b1ff306db4","scientific_name":"Posidonia oceanica","scientific_status":"direct_observation"},"type":"Feature"},{"geometry":{"coordinates":[99.405689,7.273447],"type":"Point"},"id":"d50b0016-b816-4398-b56a-51bfd550bd2b","properties":{"basis_of_record":"HumanObservation","coordinate_uncertainty_m":1000,"country":"Thailand","event_date":"2023-05-07","evidence_url":"https://seagrassspotter.org/sighting/7076","limitations":"Photo-associated occurrence; not meadow extent, absence evidence, condition, permanence, or representative sampling.","observation_id":"d50b0016-b816-4398-b56a-51bfd550bd2b","scientific_name":"Halophila ovalis","scientific_status":"direct_observation"},"type":"Feature"},{"geometry":{"coordinates":[-4.324497,53.11523],"type":"Point"},"id":"d56d4c79-639e-485b-8443-4892fdd4b30b","properties":{"basis_of_record":"HumanObservation","coordinate_uncertainty_m":9,"country":"United Kingdom","event_date":"2025-07-28","evidence_url":"https://seagrassspotter.org/sighting/9737","limitations":"Photo-associated occurrence; not meadow extent, absence evidence, condition, permanence, or representative sampling.","observation_id":"d56d4c79-639e-485b-8443-4892fdd4b30b","scientific_name":"Zostera noltii","scientific_status":"direct_observation"},"type":"Feature"},{"geometry":{"coordinates":[-2.565456,36.801694],"type":"Point"},"id":"d5a93cd5-9cd9-47a3-a281-dfb1fcde5617","properties":{"basis_of_record":"HumanObservation","coordinate_uncertainty_m":4,"country":"Spain","event_date":"2024-04-26","evidence_url":"https://seagrassspotter.org/sighting/8544","limitations":"Photo-associated occurrence; not meadow extent, absence evidence, condition, permanence, or representative sampling.","observation_id":"d5a93cd5-9cd9-47a3-a281-dfb1fcde5617","scientific_name":"Posidonia oceanica","scientific_status":"direct_observation"},"type":"Feature"},{"geometry":{"coordinates":[-110.97372,27.95173],"type":"Point"},"id":"d5e7842c-3678-46db-a439-3a30adb4787a","properties":{"basis_of_record":"HumanObservation","coordinate_uncertainty_m":10,"country":"Mexico","event_date":"2022-01-09","evidence_url":"https://seagrassspotter.org/sighting/5959","limitations":"Photo-associated occurrence; not meadow extent, absence evidence, condition, permanence, or representative sampling.","observation_id":"d5e7842c-3678-46db-a439-3a30adb4787a","scientific_name":"Zostera marina","scientific_status":"direct_observation"},"type":"Feature"},{"geometry":{"coordinates":[112.617314,-5.857328],"type":"Point"},"id":"d6894473-adf4-484e-9dd7-9f0876817bad","properties":{"basis_of_record":"HumanObservation","coordinate_uncertainty_m":1000,"country":"Indonesia","event_date":"2023-07-30","evidence_url":"https://seagrassspotter.org/sighting/7308","limitations":"Photo-associated occurrence; not meadow extent, absence evidence, condition, permanence, or representative sampling.","observation_id":"d6894473-adf4-484e-9dd7-9f0876817bad","scientific_name":"Enhalus acoroides","scientific_status":"direct_observation"},"type":"Feature"},{"geometry":{"coordinates":[34.439365,28.051364],"type":"Point"},"id":"d703c100-c921-4385-8640-d732c41815d1","properties":{"basis_of_record":"HumanObservation","coordinate_uncertainty_m":20,"country":"Egypt","event_date":"2022-11-19","evidence_url":"https://seagrassspotter.org/sighting/6115","limitations":"Photo-associated occurrence; not meadow extent, absence evidence, condition, permanence, or representative sampling.","observation_id":"d703c100-c921-4385-8640-d732c41815d1","scientific_name":"Thalassia hemprichii","scientific_status":"direct_observation"},"type":"Feature"},{"geometry":{"coordinates":[38.137288,24.02343],"type":"Point"},"id":"d75eaa99-b781-483e-8c03-3ce9e1156e97","properties":{"basis_of_record":"HumanObservation","coordinate_uncertainty_m":1000,"country":"Saudi Arabia","event_date":"2022-10-20","evidence_url":"https://seagrassspotter.org/sighting/5957","limitations":"Photo-associated occurrence; not meadow extent, absence evidence, condition, permanence, or representative sampling.","observation_id":"d75eaa99-b781-483e-8c03-3ce9e1156e97","scientific_name":"Halodule uninervis","scientific_status":"direct_observation"},"type":"Feature"},{"geometry":{"coordinates":[34.970017,29.545606],"type":"Point"},"id":"d8609850-83d1-4c4f-a2f2-39431b185d7e","properties":{"basis_of_record":"HumanObservation","coordinate_uncertainty_m":1,"country":"Israel","event_date":"2024-12-17","evidence_url":"https://seagrassspotter.org/sighting/8871","limitations":"Photo-associated occurrence; not meadow extent, absence evidence, condition, permanence, or representative sampling.","observation_id":"d8609850-83d1-4c4f-a2f2-39431b185d7e","scientific_name":"Halophila stipulacea","scientific_status":"direct_observation"},"type":"Feature"},{"geometry":{"coordinates":[9.014775,38.987474],"type":"Point"},"id":"d9b6a187-a5ff-4230-989c-ec4f15810bcd","properties":{"basis_of_record":"HumanObservation","coordinate_uncertainty_m":50,"country":"Italy","event_date":"2022-07-14","evidence_url":"https://seagrassspotter.org/sighting/6940","limitations":"Photo-associated occurrence; not meadow extent, absence evidence, condition, permanence, or representative sampling.","observation_id":"d9b6a187-a5ff-4230-989c-ec4f15810bcd","scientific_name":"Posidonia oceanica","scientific_status":"direct_observation"},"type":"Feature"},{"geometry":{"coordinates":[125.69452,-8.531178],"type":"Point"},"id":"dabaa3f6-81b3-4ebe-884c-97375d7e0a81","properties":{"basis_of_record":"HumanObservation","coordinate_uncertainty_m":200,"country":"Timor-Leste","event_date":"2022-12-05","evidence_url":"https://seagrassspotter.org/sighting/6192","limitations":"Photo-associated occurrence; not meadow extent, absence evidence, condition, permanence, or representative sampling.","observation_id":"dabaa3f6-81b3-4ebe-884c-97375d7e0a81","scientific_name":"Oceana serrulata","scientific_status":"direct_observation"},"type":"Feature"},{"geometry":{"coordinates":[-75.888591,37.146541],"type":"Point"},"id":"db053e2f-8a6d-4829-8ae3-0a0f45e980ae","properties":{"basis_of_record":"HumanObservation","coordinate_uncertainty_m":4,"country":"United States","event_date":"2024-10-30","evidence_url":"https://seagrassspotter.org/sighting/8708","limitations":"Photo-associated occurrence; not meadow extent, absence evidence, condition, permanence, or representative sampling.","observation_id":"db053e2f-8a6d-4829-8ae3-0a0f45e980ae","scientific_name":"Zostera marina","scientific_status":"direct_observation"},"type":"Feature"},{"geometry":{"coordinates":[98.259919,10.667158],"type":"Point"},"id":"db811f3b-e058-4c7a-b56a-66308907eb06","properties":{"basis_of_record":"HumanObservation","coordinate_uncertainty_m":1,"country":"Myanmar (Burma)","event_date":"2025-04-29","evidence_url":"https://seagrassspotter.org/sighting/10359","limitations":"Photo-associated occurrence; not meadow extent, absence evidence, condition, permanence, or representative sampling.","observation_id":"db811f3b-e058-4c7a-b56a-66308907eb06","scientific_name":"Oceana serrulata","scientific_status":"direct_observation"},"type":"Feature"},{"geometry":{"coordinates":[-4.561272,53.251042],"type":"Point"},"id":"dbd99b9e-34e6-42a7-ae86-78928fb1f128","properties":{"basis_of_record":"HumanObservation","coordinate_uncertainty_m":2,"country":"United Kingdom","event_date":"2025-08-08","evidence_url":"https://seagrassspotter.org/sighting/10826","limitations":"Photo-associated occurrence; not meadow extent, absence evidence, condition, permanence, or representative sampling.","observation_id":"dbd99b9e-34e6-42a7-ae86-78928fb1f128","scientific_name":"Zostera marina","scientific_status":"direct_observation"},"type":"Feature"},{"geometry":{"coordinates":[119.38339,1.024883],"type":"Point"},"id":"dca2fd7f-b0be-4c23-b677-b5f5a7ac019d","properties":{"basis_of_record":"HumanObservation","coordinate_uncertainty_m":100,"country":"Indonesia","event_date":"2022-10-15","evidence_url":"https://seagrassspotter.org/sighting/5896","limitations":"Photo-associated occurrence; not meadow extent, absence evidence, condition, permanence, or representative sampling.","observation_id":"dca2fd7f-b0be-4c23-b677-b5f5a7ac019d","scientific_name":"Enhalus acoroides","scientific_status":"direct_observation"},"type":"Feature"},{"geometry":{"coordinates":[-1.805621,55.67032],"type":"Point"},"id":"dcd82b8a-92ae-4fe9-bead-8ec2b8322b46","properties":{"basis_of_record":"HumanObservation","coordinate_uncertainty_m":5,"country":"United Kingdom","event_date":"2022-10-04","evidence_url":"https://seagrassspotter.org/sighting/5749","limitations":"Photo-associated occurrence; not meadow extent, absence evidence, condition, permanence, or representative sampling.","observation_id":"dcd82b8a-92ae-4fe9-bead-8ec2b8322b46","scientific_name":"Zostera noltii","scientific_status":"direct_observation"},"type":"Feature"},{"geometry":{"coordinates":[-5.163404,51.706031],"type":"Point"},"id":"dd9a75d9-1b09-40f3-a4a1-58b17009df0b","properties":{"basis_of_record":"HumanObservation","coordinate_uncertainty_m":10,"country":"United Kingdom","event_date":"2024-03-11","evidence_url":"https://seagrassspotter.org/sighting/7942","limitations":"Photo-associated occurrence; not meadow extent, absence evidence, condition, permanence, or representative sampling.","observation_id":"dd9a75d9-1b09-40f3-a4a1-58b17009df0b","scientific_name":"Zostera marina","scientific_status":"direct_observation"},"type":"Feature"},{"geometry":{"coordinates":[99.437289,7.286121],"type":"Point"},"id":"dded01e9-df90-40cc-950e-7a872329c2fc","properties":{"basis_of_record":"HumanObservation","coordinate_uncertainty_m":1000,"country":"Thailand","event_date":"2023-05-05","evidence_url":"https://seagrassspotter.org/sighting/7024","limitations":"Photo-associated occurrence; not meadow extent, absence evidence, condition, permanence, or representative sampling.","observation_id":"dded01e9-df90-40cc-950e-7a872329c2fc","scientific_name":"Enhalus acoroides","scientific_status":"direct_observation"},"type":"Feature"},{"geometry":{"coordinates":[121.446849,0.419606],"type":"Point"},"id":"de21d397-49fc-4929-b478-d2ad4a0e8184","properties":{"basis_of_record":"HumanObservation","coordinate_uncertainty_m":100,"country":"Indonesia","event_date":"2022-08-24","evidence_url":"https://seagrassspotter.org/sighting/5672","limitations":"Photo-associated occurrence; not meadow extent, absence evidence, condition, permanence, or representative sampling.","observation_id":"de21d397-49fc-4929-b478-d2ad4a0e8184","scientific_name":"Thalassia hemprichii","scientific_status":"direct_observation"},"type":"Feature"},{"geometry":{"coordinates":[33.143491,34.709843],"type":"Point"},"id":"de245424-ab8c-4d69-b561-e60532dfd982","properties":{"basis_of_record":"HumanObservation","coordinate_uncertainty_m":50,"country":"Cyprus","event_date":"2024-06-05","evidence_url":"https://seagrassspotter.org/sighting/8212","limitations":"Photo-associated occurrence; not meadow extent, absence evidence, condition, permanence, or representative sampling.","observation_id":"de245424-ab8c-4d69-b561-e60532dfd982","scientific_name":"Posidonia oceanica","scientific_status":"direct_observation"},"type":"Feature"},{"geometry":{"coordinates":[-6.098006,54.062247],"type":"Point"},"id":"dee63f16-715c-42ca-917c-ff1753d43573","properties":{"basis_of_record":"HumanObservation","coordinate_uncertainty_m":50,"country":"United Kingdom","event_date":"2025-07-24","evidence_url":"https://seagrassspotter.org/sighting/10855","limitations":"Photo-associated occurrence; not meadow extent, absence evidence, condition, permanence, or representative sampling.","observation_id":"dee63f16-715c-42ca-917c-ff1753d43573","scientific_name":"Zostera noltii","scientific_status":"direct_observation"},"type":"Feature"},{"geometry":{"coordinates":[0.807345,51.531927],"type":"Point"},"id":"def44485-8f89-4c7b-a72c-decf04e2d60b","properties":{"basis_of_record":"HumanObservation","coordinate_uncertainty_m":1000,"country":"United Kingdom","event_date":"2023-06-15","evidence_url":"https://seagrassspotter.org/sighting/7119","limitations":"Photo-associated occurrence; not meadow extent, absence evidence, condition, permanence, or representative sampling.","observation_id":"def44485-8f89-4c7b-a72c-decf04e2d60b","scientific_name":"Zostera marina","scientific_status":"direct_observation"},"type":"Feature"},{"geometry":{"coordinates":[124.976178,1.734925],"type":"Point"},"id":"df81e29d-45f0-49a0-a795-a54f115646d5","properties":{"basis_of_record":"HumanObservation","coordinate_uncertainty_m":100,"country":"Indonesia","event_date":"2025-01-21","evidence_url":"https://seagrassspotter.org/sighting/8914","limitations":"Photo-associated occurrence; not meadow extent, absence evidence, condition, permanence, or representative sampling.","observation_id":"df81e29d-45f0-49a0-a795-a54f115646d5","scientific_name":"Halophila ovalis","scientific_status":"direct_observation"},"type":"Feature"},{"geometry":{"coordinates":[125.022141,1.705392],"type":"Point"},"id":"e06e8a0d-ab11-4c57-9f0c-7ee9e779b123","properties":{"basis_of_record":"HumanObservation","coordinate_uncertainty_m":5,"country":"Indonesia","event_date":"2022-07-30","evidence_url":"https://seagrassspotter.org/sighting/5341","limitations":"Photo-associated occurrence; not meadow extent, absence evidence, condition, permanence, or representative sampling.","observation_id":"e06e8a0d-ab11-4c57-9f0c-7ee9e779b123","scientific_name":"Enhalus acoroides","scientific_status":"direct_observation"},"type":"Feature"},{"geometry":{"coordinates":[-1.161521,50.736191],"type":"Point"},"id":"e169c6da-7b33-4e67-acb6-dbdc09ba1519","properties":{"basis_of_record":"HumanObservation","coordinate_uncertainty_m":5,"country":"United Kingdom","event_date":"2022-06-30","evidence_url":"https://seagrassspotter.org/sighting/4990","limitations":"Photo-associated occurrence; not meadow extent, absence evidence, condition, permanence, or representative sampling.","observation_id":"e169c6da-7b33-4e67-acb6-dbdc09ba1519","scientific_name":"Zostera marina","scientific_status":"direct_observation"},"type":"Feature"},{"geometry":{"coordinates":[81.220532,8.661641],"type":"Point"},"id":"e16cf694-8ff0-4ebe-93c6-540ce4ce7ad1","properties":{"basis_of_record":"HumanObservation","coordinate_uncertainty_m":50,"country":"Sri Lanka","event_date":"2023-10-05","evidence_url":"https://seagrassspotter.org/sighting/7544","limitations":"Photo-associated occurrence; not meadow extent, absence evidence, condition, permanence, or representative sampling.","observation_id":"e16cf694-8ff0-4ebe-93c6-540ce4ce7ad1","scientific_name":"Thalassia hemprichii","scientific_status":"direct_observation"},"type":"Feature"},{"geometry":{"coordinates":[125.609794,-8.231945],"type":"Point"},"id":"e20054a6-8876-4090-9fd8-86fc9aec649b","properties":{"basis_of_record":"HumanObservation","coordinate_uncertainty_m":1000,"country":"Timor-Leste","event_date":"2022-12-04","evidence_url":"https://seagrassspotter.org/sighting/6193","limitations":"Photo-associated occurrence; not meadow extent, absence evidence, condition, permanence, or representative sampling.","observation_id":"e20054a6-8876-4090-9fd8-86fc9aec649b","scientific_name":"Halophila ovalis","scientific_status":"direct_observation"},"type":"Feature"},{"geometry":{"coordinates":[-3.319885,55.984265],"type":"Point"},"id":"e353ac94-c802-435b-8e5b-f3a74acc4833","properties":{"basis_of_record":"HumanObservation","coordinate_uncertainty_m":6,"country":"United Kingdom","event_date":"2023-12-14","evidence_url":"https://seagrassspotter.org/sighting/7789","limitations":"Photo-associated occurrence; not meadow extent, absence evidence, condition, permanence, or representative sampling.","observation_id":"e353ac94-c802-435b-8e5b-f3a74acc4833","scientific_name":"Zostera noltii","scientific_status":"direct_observation"},"type":"Feature"},{"geometry":{"coordinates":[125.63712,-8.186872],"type":"Point"},"id":"e382d5e5-818b-409c-a019-7e5b454bd0ac","properties":{"basis_of_record":"HumanObservation","coordinate_uncertainty_m":200,"country":"Timor-Leste","event_date":"2023-03-13","evidence_url":"https://seagrassspotter.org/sighting/6669","limitations":"Photo-associated occurrence; not meadow extent, absence evidence, condition, permanence, or representative sampling.","observation_id":"e382d5e5-818b-409c-a019-7e5b454bd0ac","scientific_name":"Enhalus acoroides","scientific_status":"direct_observation"},"type":"Feature"},{"geometry":{"coordinates":[0.803451,51.530134],"type":"Point"},"id":"e4d36677-803a-4627-be3d-be3e45aad0c1","properties":{"basis_of_record":"HumanObservation","coordinate_uncertainty_m":1000,"country":"United Kingdom","event_date":"2023-06-15","evidence_url":"https://seagrassspotter.org/sighting/7090","limitations":"Photo-associated occurrence; not meadow extent, absence evidence, condition, permanence, or representative sampling.","observation_id":"e4d36677-803a-4627-be3d-be3e45aad0c1","scientific_name":"Zostera marina","scientific_status":"direct_observation"},"type":"Feature"},{"geometry":{"coordinates":[13.718995,45.582941],"type":"Point"},"id":"e4e9a97e-b1cf-42f6-abcf-707212db9070","properties":{"basis_of_record":"HumanObservation","coordinate_uncertainty_m":5,"country":"Slovenia","event_date":"2025-07-15","evidence_url":"https://seagrassspotter.org/sighting/9625","limitations":"Photo-associated occurrence; not meadow extent, absence evidence, condition, permanence, or representative sampling.","observation_id":"e4e9a97e-b1cf-42f6-abcf-707212db9070","scientific_name":"Zostera marina","scientific_status":"direct_observation"},"type":"Feature"},{"geometry":{"coordinates":[-125.724588,49.052315],"type":"Point"},"id":"e50fd489-eb80-468b-8548-d43f19e612f3","properties":{"basis_of_record":"HumanObservation","coordinate_uncertainty_m":1000,"country":"Canada","event_date":"2022-05-13","evidence_url":"https://seagrassspotter.org/sighting/4872","limitations":"Photo-associated occurrence; not meadow extent, absence evidence, condition, permanence, or representative sampling.","observation_id":"e50fd489-eb80-468b-8548-d43f19e612f3","scientific_name":"Phyllospadix scouleri","scientific_status":"direct_observation"},"type":"Feature"},{"geometry":{"coordinates":[126.092222,10.068611],"type":"Point"},"id":"e6146f2f-3c7a-4781-90d5-c2696f4aaa3c","properties":{"basis_of_record":"HumanObservation","coordinate_uncertainty_m":1000,"country":"Philippines","event_date":"2023-05-16","evidence_url":"https://seagrassspotter.org/sighting/6929","limitations":"Photo-associated occurrence; not meadow extent, absence evidence, condition, permanence, or representative sampling.","observation_id":"e6146f2f-3c7a-4781-90d5-c2696f4aaa3c","scientific_name":"Halodule uninervis","scientific_status":"direct_observation"},"type":"Feature"},{"geometry":{"coordinates":[-80.171433,25.740099],"type":"Point"},"id":"e6779010-9a5d-4833-9413-fe55624b5297","properties":{"basis_of_record":"HumanObservation","coordinate_uncertainty_m":1,"country":"United States","event_date":"2025-02-27","evidence_url":"https://seagrassspotter.org/sighting/8958","limitations":"Photo-associated occurrence; not meadow extent, absence evidence, condition, permanence, or representative sampling.","observation_id":"e6779010-9a5d-4833-9413-fe55624b5297","scientific_name":"Thalassia testudinum","scientific_status":"direct_observation"},"type":"Feature"},{"geometry":{"coordinates":[138.8763,34.62237],"type":"Point"},"id":"e87a577b-e2d7-4d57-99ef-35bdbb3c54ad","properties":{"basis_of_record":"HumanObservation","coordinate_uncertainty_m":100,"country":"Japan","event_date":"2022-05-16","evidence_url":"https://seagrassspotter.org/sighting/6125","limitations":"Photo-associated occurrence; not meadow extent, absence evidence, condition, permanence, or representative sampling.","observation_id":"e87a577b-e2d7-4d57-99ef-35bdbb3c54ad","scientific_name":"Phyllospadix iwatensis","scientific_status":"direct_observation"},"type":"Feature"},{"geometry":{"coordinates":[0.229125,38.746268],"type":"Point"},"id":"e881503f-ef4f-4c31-b7b2-b1c1b18e9f3e","properties":{"basis_of_record":"HumanObservation","coordinate_uncertainty_m":2,"country":"Spain","event_date":"2024-08-11","evidence_url":"https://seagrassspotter.org/sighting/8466","limitations":"Photo-associated occurrence; not meadow extent, absence evidence, condition, permanence, or representative sampling.","observation_id":"e881503f-ef4f-4c31-b7b2-b1c1b18e9f3e","scientific_name":"Posidonia oceanica","scientific_status":"direct_observation"},"type":"Feature"},{"geometry":{"coordinates":[8.246883,40.578448],"type":"Point"},"id":"e884fcf0-15be-47ab-9fa6-e726d914b473","properties":{"basis_of_record":"HumanObservation","coordinate_uncertainty_m":100,"country":"Italy","event_date":"2025-07-22","evidence_url":"https://seagrassspotter.org/sighting/9717","limitations":"Photo-associated occurrence; not meadow extent, absence evidence, condition, permanence, or representative sampling.","observation_id":"e884fcf0-15be-47ab-9fa6-e726d914b473","scientific_name":"Posidonia oceanica","scientific_status":"direct_observation"},"type":"Feature"},{"geometry":{"coordinates":[-8.908137,38.493006],"type":"Point"},"id":"e8bf8e10-ca0f-4557-a785-0b7c3ad178e7","properties":{"basis_of_record":"HumanObservation","coordinate_uncertainty_m":100,"country":"Portugal","event_date":"2022-07-02","evidence_url":"https://seagrassspotter.org/sighting/4937","limitations":"Photo-associated occurrence; not meadow extent, absence evidence, condition, permanence, or representative sampling.","observation_id":"e8bf8e10-ca0f-4557-a785-0b7c3ad178e7","scientific_name":"Zostera marina","scientific_status":"direct_observation"},"type":"Feature"},{"geometry":{"coordinates":[-110.36111,24.45573],"type":"Point"},"id":"e910df10-0ec4-474c-a879-49c7d1beb9db","properties":{"basis_of_record":"HumanObservation","coordinate_uncertainty_m":10,"country":"Mexico","event_date":"2022-04-25","evidence_url":"https://seagrassspotter.org/sighting/4527","limitations":"Photo-associated occurrence; not meadow extent, absence evidence, condition, permanence, or representative sampling.","observation_id":"e910df10-0ec4-474c-a879-49c7d1beb9db","scientific_name":"Halophila decipiens","scientific_status":"direct_observation"},"type":"Feature"},{"geometry":{"coordinates":[151.29468,-33.800453],"type":"Point"},"id":"ea82f9b7-27e4-485d-8f34-83392b30bb92","properties":{"basis_of_record":"HumanObservation","coordinate_uncertainty_m":15,"country":"Australia","event_date":"2022-11-16","evidence_url":"https://seagrassspotter.org/sighting/6411","limitations":"Photo-associated occurrence; not meadow extent, absence evidence, condition, permanence, or representative sampling.","observation_id":"ea82f9b7-27e4-485d-8f34-83392b30bb92","scientific_name":"Halophila australis","scientific_status":"direct_observation"},"type":"Feature"},{"geometry":{"coordinates":[-86.893374,16.086029],"type":"Point"},"id":"ea9f25b0-41fd-4d68-81a7-c899ffbbc40b","properties":{"basis_of_record":"HumanObservation","coordinate_uncertainty_m":200,"country":"Honduras","event_date":"2021-12-16","evidence_url":"https://seagrassspotter.org/sighting/4609","limitations":"Photo-associated occurrence; not meadow extent, absence evidence, condition, permanence, or representative sampling.","observation_id":"ea9f25b0-41fd-4d68-81a7-c899ffbbc40b","scientific_name":"Thalassia testudinum","scientific_status":"direct_observation"},"type":"Feature"},{"geometry":{"coordinates":[-123.319588,48.834801],"type":"Point"},"id":"eaeb5d87-ec0c-4b34-bd79-2fa3b4683b45","properties":{"basis_of_record":"HumanObservation","coordinate_uncertainty_m":5,"country":"Canada","event_date":"2022-07-16","evidence_url":"https://seagrassspotter.org/sighting/4992","limitations":"Photo-associated occurrence; not meadow extent, absence evidence, condition, permanence, or representative sampling.","observation_id":"eaeb5d87-ec0c-4b34-bd79-2fa3b4683b45","scientific_name":"Zostera marina","scientific_status":"direct_observation"},"type":"Feature"},{"geometry":{"coordinates":[8.304852,54.851777],"type":"Point"},"id":"ebbfa424-efc8-4946-b433-6ce6fae784f7","properties":{"basis_of_record":"HumanObservation","coordinate_uncertainty_m":8,"country":"Germany","event_date":"2024-09-03","evidence_url":"https://seagrassspotter.org/sighting/8531","limitations":"Photo-associated occurrence; not meadow extent, absence evidence, condition, permanence, or representative sampling.","observation_id":"ebbfa424-efc8-4946-b433-6ce6fae784f7","scientific_name":"Zostera marina","scientific_status":"direct_observation"},"type":"Feature"},{"geometry":{"coordinates":[113.924765,22.286671],"type":"Point"},"id":"eca6d95a-9b3e-4a2a-aff8-e0737a6e5f31","properties":{"basis_of_record":"HumanObservation","coordinate_uncertainty_m":160,"country":"Hong Kong","event_date":"2022-04-19","evidence_url":"https://seagrassspotter.org/sighting/4514","limitations":"Photo-associated occurrence; not meadow extent, absence evidence, condition, permanence, or representative sampling.","observation_id":"eca6d95a-9b3e-4a2a-aff8-e0737a6e5f31","scientific_name":"Halophila ovalis","scientific_status":"direct_observation"},"type":"Feature"},{"geometry":{"coordinates":[22.257703,36.850076],"type":"Point"},"id":"ecf2ae23-f65b-4943-a550-ccb67d59dc0c","properties":{"basis_of_record":"HumanObservation","coordinate_uncertainty_m":5,"country":"Greece","event_date":"2024-09-20","evidence_url":"https://seagrassspotter.org/sighting/8610","limitations":"Photo-associated occurrence; not meadow extent, absence evidence, condition, permanence, or representative sampling.","observation_id":"ecf2ae23-f65b-4943-a550-ccb67d59dc0c","scientific_name":"Posidonia oceanica","scientific_status":"direct_observation"},"type":"Feature"},{"geometry":{"coordinates":[-9.39124,51.477998],"type":"Point"},"id":"ecf5d2aa-6114-4eb3-aeb7-5d50b89c563e","properties":{"basis_of_record":"HumanObservation","coordinate_uncertainty_m":2,"country":"Ireland","event_date":"2025-08-07","evidence_url":"https://seagrassspotter.org/sighting/10057","limitations":"Photo-associated occurrence; not meadow extent, absence evidence, condition, permanence, or representative sampling.","observation_id":"ecf5d2aa-6114-4eb3-aeb7-5d50b89c563e","scientific_name":"Zostera marina","scientific_status":"direct_observation"},"type":"Feature"},{"geometry":{"coordinates":[104.652802,1.060037],"type":"Point"},"id":"eddfa836-472a-4960-91d2-74c802dbda37","properties":{"basis_of_record":"HumanObservation","coordinate_uncertainty_m":5,"country":"Indonesia","event_date":"2025-04-20","evidence_url":"https://seagrassspotter.org/sighting/9284","limitations":"Photo-associated occurrence; not meadow extent, absence evidence, condition, permanence, or representative sampling.","observation_id":"eddfa836-472a-4960-91d2-74c802dbda37","scientific_name":"Halodule uninervis","scientific_status":"direct_observation"},"type":"Feature"},{"geometry":{"coordinates":[99.30705,7.37724],"type":"Point"},"id":"ee5ef377-2d9c-4dad-acbc-93b5749bad71","properties":{"basis_of_record":"HumanObservation","coordinate_uncertainty_m":1,"country":"Thailand","event_date":"2022-11-12","evidence_url":"https://seagrassspotter.org/sighting/6007","limitations":"Photo-associated occurrence; not meadow extent, absence evidence, condition, permanence, or representative sampling.","observation_id":"ee5ef377-2d9c-4dad-acbc-93b5749bad71","scientific_name":"Enhalus acoroides","scientific_status":"direct_observation"},"type":"Feature"},{"geometry":{"coordinates":[99.30648,7.37871],"type":"Point"},"id":"eed50f93-b3fc-45ee-a403-67cfdbbe1a53","properties":{"basis_of_record":"HumanObservation","coordinate_uncertainty_m":1,"country":"Thailand","event_date":"2022-11-12","evidence_url":"https://seagrassspotter.org/sighting/6052","limitations":"Photo-associated occurrence; not meadow extent, absence evidence, condition, permanence, or representative sampling.","observation_id":"eed50f93-b3fc-45ee-a403-67cfdbbe1a53","scientific_name":"Halophila ovalis","scientific_status":"direct_observation"},"type":"Feature"},{"geometry":{"coordinates":[39.488373,-4.477133],"type":"Point"},"id":"ef1b355f-aa56-41eb-9c67-99bd127ab099","properties":{"basis_of_record":"HumanObservation","coordinate_uncertainty_m":40,"country":"Kenya","event_date":"2023-11-04","evidence_url":"https://seagrassspotter.org/sighting/7723","limitations":"Photo-associated occurrence; not meadow extent, absence evidence, condition, permanence, or representative sampling.","observation_id":"ef1b355f-aa56-41eb-9c67-99bd127ab099","scientific_name":"Thalassia hemprichii","scientific_status":"direct_observation"},"type":"Feature"},{"geometry":{"coordinates":[23.5709,35.5017],"type":"Point"},"id":"ef8e9e71-3f0d-42ed-9d13-38b9d27a83a9","properties":{"basis_of_record":"HumanObservation","coordinate_uncertainty_m":5,"country":"Greece","event_date":"2025-11-14","evidence_url":"https://seagrassspotter.org/sighting/10927","limitations":"Photo-associated occurrence; not meadow extent, absence evidence, condition, permanence, or representative sampling.","observation_id":"ef8e9e71-3f0d-42ed-9d13-38b9d27a83a9","scientific_name":"Posidonia oceanica","scientific_status":"direct_observation"},"type":"Feature"},{"geometry":{"coordinates":[23.426647,37.522906],"type":"Point"},"id":"f0c4356a-80fa-4a56-b90a-957b88df9cc4","properties":{"basis_of_record":"HumanObservation","coordinate_uncertainty_m":10,"country":"Greece","event_date":"2025-05-22","evidence_url":"https://seagrassspotter.org/sighting/9389","limitations":"Photo-associated occurrence; not meadow extent, absence evidence, condition, permanence, or representative sampling.","observation_id":"f0c4356a-80fa-4a56-b90a-957b88df9cc4","scientific_name":"Posidonia oceanica","scientific_status":"direct_observation"},"type":"Feature"},{"geometry":{"coordinates":[22.894337,37.125787],"type":"Point"},"id":"f126fb95-b849-4e47-8552-9a030edd7102","properties":{"basis_of_record":"HumanObservation","coordinate_uncertainty_m":5,"country":"Greece","event_date":"2024-09-16","evidence_url":"https://seagrassspotter.org/sighting/8609","limitations":"Photo-associated occurrence; not meadow extent, absence evidence, condition, permanence, or representative sampling.","observation_id":"f126fb95-b849-4e47-8552-9a030edd7102","scientific_name":"Posidonia oceanica","scientific_status":"direct_observation"},"type":"Feature"},{"geometry":{"coordinates":[-4.562527,53.252078],"type":"Point"},"id":"f1dc79dc-a896-457d-b4a1-e7b292265996","properties":{"basis_of_record":"HumanObservation","coordinate_uncertainty_m":8,"country":"United Kingdom","event_date":"2025-08-08","evidence_url":"https://seagrassspotter.org/sighting/10070","limitations":"Photo-associated occurrence; not meadow extent, absence evidence, condition, permanence, or representative sampling.","observation_id":"f1dc79dc-a896-457d-b4a1-e7b292265996","scientific_name":"Zostera noltii","scientific_status":"direct_observation"},"type":"Feature"},{"geometry":{"coordinates":[-6.204606,53.317558],"type":"Point"},"id":"f2493948-1e07-433a-9b03-e0766263ebf8","properties":{"basis_of_record":"HumanObservation","coordinate_uncertainty_m":3,"country":"Ireland","event_date":"2025-09-09","evidence_url":"https://seagrassspotter.org/sighting/10291","limitations":"Photo-associated occurrence; not meadow extent, absence evidence, condition, permanence, or representative sampling.","observation_id":"f2493948-1e07-433a-9b03-e0766263ebf8","scientific_name":"Zostera noltii","scientific_status":"direct_observation"},"type":"Feature"},{"geometry":{"coordinates":[-1.952195,50.607691],"type":"Point"},"id":"f2d3f6c1-4339-4c6b-892f-999cf8647c20","properties":{"basis_of_record":"HumanObservation","coordinate_uncertainty_m":3,"country":"United Kingdom","event_date":"2025-08-10","evidence_url":"https://seagrassspotter.org/sighting/10169","limitations":"Photo-associated occurrence; not meadow extent, absence evidence, condition, permanence, or representative sampling.","observation_id":"f2d3f6c1-4339-4c6b-892f-999cf8647c20","scientific_name":"Zostera marina","scientific_status":"direct_observation"},"type":"Feature"},{"geometry":{"coordinates":[-10.11813,53.452912],"type":"Point"},"id":"f2d75671-359f-4630-ac6f-f051d8d3fff0","properties":{"basis_of_record":"HumanObservation","coordinate_uncertainty_m":3,"country":"Ireland","event_date":"2024-05-11","evidence_url":"https://seagrassspotter.org/sighting/8545","limitations":"Photo-associated occurrence; not meadow extent, absence evidence, condition, permanence, or representative sampling.","observation_id":"f2d75671-359f-4630-ac6f-f051d8d3fff0","scientific_name":"Zostera marina","scientific_status":"direct_observation"},"type":"Feature"},{"geometry":{"coordinates":[35.30288,24.36085],"type":"Point"},"id":"f40c75d7-e4d9-4dcf-8be6-43bc31ad284e","properties":{"basis_of_record":"HumanObservation","coordinate_uncertainty_m":1,"country":"Egypt","event_date":"2025-04-06","evidence_url":"https://seagrassspotter.org/sighting/9157","limitations":"Photo-associated occurrence; not meadow extent, absence evidence, condition, permanence, or representative sampling.","observation_id":"f40c75d7-e4d9-4dcf-8be6-43bc31ad284e","scientific_name":"Oceana serrulata","scientific_status":"direct_observation"},"type":"Feature"},{"geometry":{"coordinates":[-70.162693,42.06016],"type":"Point"},"id":"f4409ba1-5d0c-4218-a582-55bb0dd3314a","properties":{"basis_of_record":"HumanObservation","coordinate_uncertainty_m":3,"country":"United States","event_date":"2024-08-06","evidence_url":"https://seagrassspotter.org/sighting/8587","limitations":"Photo-associated occurrence; not meadow extent, absence evidence, condition, permanence, or representative sampling.","observation_id":"f4409ba1-5d0c-4218-a582-55bb0dd3314a","scientific_name":"Zostera marina","scientific_status":"direct_observation"},"type":"Feature"},{"geometry":{"coordinates":[10.494392,57.198244],"type":"Point"},"id":"f4d404f6-89db-4ce1-b5f7-ccc2de225e6e","properties":{"basis_of_record":"HumanObservation","coordinate_uncertainty_m":1000,"country":"Denmark","event_date":"2022-05-15","evidence_url":"https://seagrassspotter.org/sighting/4587","limitations":"Photo-associated occurrence; not meadow extent, absence evidence, condition, permanence, or representative sampling.","observation_id":"f4d404f6-89db-4ce1-b5f7-ccc2de225e6e","scientific_name":"Zostera marina","scientific_status":"direct_observation"},"type":"Feature"},{"geometry":{"coordinates":[72.72708,3.885397],"type":"Point"},"id":"f5f075af-2ef5-4bdc-a0b8-8c22824af02e","properties":{"basis_of_record":"HumanObservation","coordinate_uncertainty_m":10,"country":"Maldives","event_date":"2021-12-05","evidence_url":"https://seagrassspotter.org/sighting/4155","limitations":"Photo-associated occurrence; not meadow extent, absence evidence, condition, permanence, or representative sampling.","observation_id":"f5f075af-2ef5-4bdc-a0b8-8c22824af02e","scientific_name":"Cymodocea rotundata","scientific_status":"direct_observation"},"type":"Feature"},{"geometry":{"coordinates":[99.30696,7.37734],"type":"Point"},"id":"f5f233d0-6a06-4f90-a0f9-30ffd184280a","properties":{"basis_of_record":"HumanObservation","coordinate_uncertainty_m":1,"country":"Thailand","event_date":"2022-11-12","evidence_url":"https://seagrassspotter.org/sighting/6011","limitations":"Photo-associated occurrence; not meadow extent, absence evidence, condition, permanence, or representative sampling.","observation_id":"f5f233d0-6a06-4f90-a0f9-30ffd184280a","scientific_name":"Enhalus acoroides","scientific_status":"direct_observation"},"type":"Feature"},{"geometry":{"coordinates":[-88.465582,16.40611],"type":"Point"},"id":"f65c04ff-57a5-4b24-861d-f1444acd0c47","properties":{"basis_of_record":"HumanObservation","coordinate_uncertainty_m":100,"country":"Belize","event_date":"2024-12-27","evidence_url":"https://seagrassspotter.org/sighting/8879","limitations":"Photo-associated occurrence; not meadow extent, absence evidence, condition, permanence, or representative sampling.","observation_id":"f65c04ff-57a5-4b24-861d-f1444acd0c47","scientific_name":"Thalassia testudinum","scientific_status":"direct_observation"},"type":"Feature"},{"geometry":{"coordinates":[34.752092,25.317784],"type":"Point"},"id":"f6748571-cba5-4d9c-bf7b-07a7e540094f","properties":{"basis_of_record":"HumanObservation","coordinate_uncertainty_m":500,"country":"Egypt","event_date":"2023-10-16","evidence_url":"https://seagrassspotter.org/sighting/7559","limitations":"Photo-associated occurrence; not meadow extent, absence evidence, condition, permanence, or representative sampling.","observation_id":"f6748571-cba5-4d9c-bf7b-07a7e540094f","scientific_name":"Halophila decipiens","scientific_status":"direct_observation"},"type":"Feature"},{"geometry":{"coordinates":[2.459249,36.597517],"type":"Point"},"id":"f6d13b7f-ba75-45ab-a043-44df9079ae6e","properties":{"basis_of_record":"HumanObservation","coordinate_uncertainty_m":200,"country":"Algeria","event_date":"2024-06-12","evidence_url":"https://seagrassspotter.org/sighting/10441","limitations":"Photo-associated occurrence; not meadow extent, absence evidence, condition, permanence, or representative sampling.","observation_id":"f6d13b7f-ba75-45ab-a043-44df9079ae6e","scientific_name":"Posidonia oceanica","scientific_status":"direct_observation"},"type":"Feature"},{"geometry":{"coordinates":[14.333182,35.984675],"type":"Point"},"id":"f6d8e2f7-4843-4dda-a8d2-ad321a504a15","properties":{"basis_of_record":"HumanObservation","coordinate_uncertainty_m":50,"country":"Malta","event_date":"2021-08-11","evidence_url":"https://seagrassspotter.org/sighting/4775","limitations":"Photo-associated occurrence; not meadow extent, absence evidence, condition, permanence, or representative sampling.","observation_id":"f6d8e2f7-4843-4dda-a8d2-ad321a504a15","scientific_name":"Posidonia oceanica","scientific_status":"direct_observation"},"type":"Feature"},{"geometry":{"coordinates":[39.909706,-3.550688],"type":"Point"},"id":"f72e49d9-21c6-42e3-872b-dd3d127956d5","properties":{"basis_of_record":"HumanObservation","coordinate_uncertainty_m":10,"country":"Kenya","event_date":"2024-10-13","evidence_url":"https://seagrassspotter.org/sighting/8671","limitations":"Photo-associated occurrence; not meadow extent, absence evidence, condition, permanence, or representative sampling.","observation_id":"f72e49d9-21c6-42e3-872b-dd3d127956d5","scientific_name":"Thalassia hemprichii","scientific_status":"direct_observation"},"type":"Feature"},{"geometry":{"coordinates":[178.441565,-18.165713],"type":"Point"},"id":"f83172a6-ccb2-49d1-a6c4-596c59dc1a3a","properties":{"basis_of_record":"HumanObservation","coordinate_uncertainty_m":2,"country":"Fiji","event_date":"2025-07-15","evidence_url":"https://seagrassspotter.org/sighting/9666","limitations":"Photo-associated occurrence; not meadow extent, absence evidence, condition, permanence, or representative sampling.","observation_id":"f83172a6-ccb2-49d1-a6c4-596c59dc1a3a","scientific_name":"Halodule pinifolia","scientific_status":"direct_observation"},"type":"Feature"},{"geometry":{"coordinates":[-5.669526,55.978497],"type":"Point"},"id":"f8e1cabd-5d54-4376-92a3-0b14869560c3","properties":{"basis_of_record":"HumanObservation","coordinate_uncertainty_m":5,"country":"United Kingdom","event_date":"2021-08-19","evidence_url":"https://seagrassspotter.org/sighting/4027","limitations":"Photo-associated occurrence; not meadow extent, absence evidence, condition, permanence, or representative sampling.","observation_id":"f8e1cabd-5d54-4376-92a3-0b14869560c3","scientific_name":"Zostera noltii","scientific_status":"direct_observation"},"type":"Feature"},{"geometry":{"coordinates":[126.157379,9.779875],"type":"Point"},"id":"fa039c48-195e-4d43-87cf-e4b6102a050b","properties":{"basis_of_record":"HumanObservation","coordinate_uncertainty_m":7,"country":"Philippines","event_date":"2023-04-14","evidence_url":"https://seagrassspotter.org/sighting/6731","limitations":"Photo-associated occurrence; not meadow extent, absence evidence, condition, permanence, or representative sampling.","observation_id":"fa039c48-195e-4d43-87cf-e4b6102a050b","scientific_name":"Thalassia hemprichii","scientific_status":"direct_observation"},"type":"Feature"},{"geometry":{"coordinates":[-82.324921,9.404927],"type":"Point"},"id":"fab83e13-00ed-460e-82ed-fb1aef3d1b9e","properties":{"basis_of_record":"HumanObservation","coordinate_uncertainty_m":1000,"country":"Panama","event_date":"2022-05-19","evidence_url":"https://seagrassspotter.org/sighting/4858","limitations":"Photo-associated occurrence; not meadow extent, absence evidence, condition, permanence, or representative sampling.","observation_id":"fab83e13-00ed-460e-82ed-fb1aef3d1b9e","scientific_name":"Thalassia testudinum","scientific_status":"direct_observation"},"type":"Feature"},{"geometry":{"coordinates":[148.979223,-20.315156],"type":"Point"},"id":"fb5fb68d-c137-4e93-95d7-ae52edce5040","properties":{"basis_of_record":"HumanObservation","coordinate_uncertainty_m":100,"country":"Australia","event_date":"2022-01-11","evidence_url":"https://seagrassspotter.org/sighting/4199","limitations":"Photo-associated occurrence; not meadow extent, absence evidence, condition, permanence, or representative sampling.","observation_id":"fb5fb68d-c137-4e93-95d7-ae52edce5040","scientific_name":"Thalassia hemprichii","scientific_status":"direct_observation"},"type":"Feature"},{"geometry":{"coordinates":[119.371294,10.340425],"type":"Point"},"id":"fc1abaf8-1c10-477c-ad01-93f2d27a316a","properties":{"basis_of_record":"HumanObservation","coordinate_uncertainty_m":100,"country":"Philippines","event_date":"2022-10-11","evidence_url":"https://seagrassspotter.org/sighting/5809","limitations":"Photo-associated occurrence; not meadow extent, absence evidence, condition, permanence, or representative sampling.","observation_id":"fc1abaf8-1c10-477c-ad01-93f2d27a316a","scientific_name":"Enhalus acoroides","scientific_status":"direct_observation"},"type":"Feature"},{"geometry":{"coordinates":[0.136652,53.592397],"type":"Point"},"id":"fca4a689-1740-47b6-b4cd-11b9803660f7","properties":{"basis_of_record":"HumanObservation","coordinate_uncertainty_m":50,"country":"United Kingdom","event_date":"2025-09-10","evidence_url":"https://seagrassspotter.org/sighting/10860","limitations":"Photo-associated occurrence; not meadow extent, absence evidence, condition, permanence, or representative sampling.","observation_id":"fca4a689-1740-47b6-b4cd-11b9803660f7","scientific_name":"Zostera noltii","scientific_status":"direct_observation"},"type":"Feature"},{"geometry":{"coordinates":[-5.112108,50.103617],"type":"Point"},"id":"fcca88a2-1392-4ac3-a603-ce6fa3ad21ab","properties":{"basis_of_record":"HumanObservation","coordinate_uncertainty_m":1,"country":"United Kingdom","event_date":"2021-05-02","evidence_url":"https://seagrassspotter.org/sighting/3862","limitations":"Photo-associated occurrence; not meadow extent, absence evidence, condition, permanence, or representative sampling.","observation_id":"fcca88a2-1392-4ac3-a603-ce6fa3ad21ab","scientific_name":"Zostera marina","scientific_status":"direct_observation"},"type":"Feature"},{"geometry":{"coordinates":[45.293126,2.003782],"type":"Point"},"id":"fd3333da-3d76-4d25-88fe-c8cc52406166","properties":{"basis_of_record":"HumanObservation","coordinate_uncertainty_m":5,"country":"Somalia","event_date":"2021-12-09","evidence_url":"https://seagrassspotter.org/sighting/8781","limitations":"Photo-associated occurrence; not meadow extent, absence evidence, condition, permanence, or representative sampling.","observation_id":"fd3333da-3d76-4d25-88fe-c8cc52406166","scientific_name":"Thalassodendron ciliatum","scientific_status":"direct_observation"},"type":"Feature"},{"geometry":{"coordinates":[4.0001,51.574822],"type":"Point"},"id":"fd5ca5a1-b653-4baf-8197-98c372bf89dd","properties":{"basis_of_record":"HumanObservation","coordinate_uncertainty_m":500,"country":"Netherlands","event_date":"2025-08-16","evidence_url":"https://seagrassspotter.org/sighting/10167","limitations":"Photo-associated occurrence; not meadow extent, absence evidence, condition, permanence, or representative sampling.","observation_id":"fd5ca5a1-b653-4baf-8197-98c372bf89dd","scientific_name":"Zostera noltii","scientific_status":"direct_observation"},"type":"Feature"},{"geometry":{"coordinates":[48.933308,38.945548],"type":"Point"},"id":"fdbf06ab-e1c5-4077-b5bc-f948ef7232e0","properties":{"basis_of_record":"HumanObservation","coordinate_uncertainty_m":10,"country":"Azerbaijan","event_date":"2025-09-30","evidence_url":"https://seagrassspotter.org/sighting/10447","limitations":"Photo-associated occurrence; not meadow extent, absence evidence, condition, permanence, or representative sampling.","observation_id":"fdbf06ab-e1c5-4077-b5bc-f948ef7232e0","scientific_name":"Ruppia maritima","scientific_status":"direct_observation"},"type":"Feature"},{"geometry":{"coordinates":[9.489235,57.016037],"type":"Point"},"id":"fee58287-219a-49b9-8695-3a2bbc37e809","properties":{"basis_of_record":"HumanObservation","coordinate_uncertainty_m":1,"country":"Denmark","event_date":"2024-06-24","evidence_url":"https://seagrassspotter.org/sighting/8408","limitations":"Photo-associated occurrence; not meadow extent, absence evidence, condition, permanence, or representative sampling.","observation_id":"fee58287-219a-49b9-8695-3a2bbc37e809","scientific_name":"Zostera marina","scientific_status":"direct_observation"},"type":"Feature"},{"geometry":{"coordinates":[-87.024041,20.378756],"type":"Point"},"id":"feefa3e6-43f5-42a0-9d33-bd4e0cd18b98","properties":{"basis_of_record":"HumanObservation","coordinate_uncertainty_m":3,"country":"Mexico","event_date":"2025-01-16","evidence_url":"https://seagrassspotter.org/sighting/8896","limitations":"Photo-associated occurrence; not meadow extent, absence evidence, condition, permanence, or representative sampling.","observation_id":"feefa3e6-43f5-42a0-9d33-bd4e0cd18b98","scientific_name":"Thalassia testudinum","scientific_status":"direct_observation"},"type":"Feature"}],"filter_summary":{"accepted_occurrences":7247,"date_filter":"2021-01-01 through the source release","display_selection":"Deterministic cartographic sample: retain one hash-ranked observation per occupied 1-degree cell, then add globally hash-ranked accepted observations to the 500-point cap.","displayed_occurrences":500,"excluded_occurrences":{"absence_or_invalid_coordinate":0,"before_2021":4539,"missing_date_media_or_coordinates":0,"missing_or_large_uncertainty":70,"on_land_flag":1427},"maximum_coordinate_uncertainty_m":10000,"source_occurrences":13283},"name":"obis-seagrassspotter-recent-quality-filter-v2","source_dataset_id":"872b3454-7114-4ca9-914b-99b2518f86ee","type":"FeatureCollection"}
